"ticker","name","sector","rank","score","lower_bound","upper_bound","pillars_available","pillars_required","contribution","planning","nature","social","source"
"NEM","Newmont","Materials","1","39.10","39.10","39.10","4","4","0","100","39.5","56","https://www.worldbenchmarkingalliance.org/company/newmont"
"FCX","Freeport-McMoRan","Materials","2","34.84","34.84","34.84","4","4","0","80","33.1","61.1","https://www.worldbenchmarkingalliance.org/company/freeport-mcmoran"
"DD","DuPont","Industrials","3","30.68","30.68","30.68","4","4","0","100","21.9","31.5","https://www.worldbenchmarkingalliance.org/company/dupont"
"LIN","Linde plc","Materials","4","30.24","30.24","30.24","4","4","0","100","24.3","26.9","https://www.worldbenchmarkingalliance.org/company/linde"
"MDLZ","Mondelez International","Consumer Staples","5","28.80","28.80","28.80","4","4","0","60","32.6","51.4","https://www.worldbenchmarkingalliance.org/company/mondelez-international"
"GIS","General Mills","Consumer Staples","6","28.68","28.68","28.68","4","4","0","80","23.1","40.3","https://www.worldbenchmarkingalliance.org/company/general-mills"
"HSY","Hershey Company (The)","Consumer Staples","7","28.34","28.34","28.34","4","4","0","60","29.4","52.3","https://www.worldbenchmarkingalliance.org/company/hershey"
"RL","Ralph Lauren Corporation","Consumer Discretionary","8","28.20","28.20","28.20","4","4","0","60","27.7","53.3","https://www.worldbenchmarkingalliance.org/company/ralph-lauren"
"DOW","Dow Inc.","Materials","9","27.10","27.10","27.10","4","4","0","80","25.9","29.6","https://www.worldbenchmarkingalliance.org/company/dow"
"LYB","LyondellBasell","Materials","10","26.32","26.32","26.32","4","4","0","80","20.6","31","https://www.worldbenchmarkingalliance.org/company/lyondellbasell"
"JNJ","Johnson & Johnson","Health Care","11","26.10","26.10","26.10","4","4","0","60","25.1","45.4","https://www.worldbenchmarkingalliance.org/company/johnson-johnson"
"LULU","Lululemon Athletica","Consumer Discretionary","12","25.32","25.32","25.32","4","4","0","60","20.3","46.3","https://www.worldbenchmarkingalliance.org/company/lululemon-athletica"
"KHC","Kraft Heinz","Consumer Staples","13","24.40","24.40","24.40","4","4","0","60","19.9","42.1","https://www.worldbenchmarkingalliance.org/company/kraft-heinz"
"IP","International Paper","Materials","14","24.28","24.28","24.28","4","4","0","60","34.5","26.9","https://www.worldbenchmarkingalliance.org/company/international-paper"
"CL","Colgate-Palmolive","Consumer Staples","15","23.98","23.98","23.98","4","4","0","80","19.5","20.4","https://www.worldbenchmarkingalliance.org/company/colgate-palmolive"
"KR","Kroger","Consumer Staples","16","23.80","23.80","23.80","4","4","0","40","25.3","53.7","https://www.worldbenchmarkingalliance.org/company/kroger"
"BAX","Baxter International","Health Care","17","23.64","23.64","23.64","4","4","0","80","18.7","19.5","https://www.worldbenchmarkingalliance.org/company/baxter-international"
"BMY","Bristol Myers Squibb","Health Care","18","23.56","23.56","23.56","4","4","0","80","16","21.8","https://www.worldbenchmarkingalliance.org/company/bristol-myers-squibb"
"BALL","Ball Corporation","Materials","19","23.54","23.54","23.54","4","4","0","60","19.7","38","https://www.worldbenchmarkingalliance.org/company/ball-corporation"
"AMCR","Amcor","Materials","20","23.44","23.44","23.44","4","4","0","60","20.6","36.6","https://www.worldbenchmarkingalliance.org/company/amcor"
"KMB","Kimberly-Clark","Consumer Staples","20","23.44","23.44","23.44","4","4","0","60","22","35.2","https://www.worldbenchmarkingalliance.org/company/kimberly-clark"
"MCD","McDonald's","Consumer Discretionary","22","22.76","22.76","22.76","4","4","0","60","16.3","37.5","https://www.worldbenchmarkingalliance.org/company/mcdonalds"
"CLX","Clorox","Consumer Staples","23","21.70","21.70","21.70","4","4","0","60","17.5","31","https://www.worldbenchmarkingalliance.org/company/clorox-company"
"COST","Costco","Consumer Staples","24","21.60","21.60","21.60","4","4","0","80","10.4","17.6","https://www.worldbenchmarkingalliance.org/company/costco"
"ALB","Albemarle Corporation","Materials","25","21.56","21.56","21.56","4","4","0","40","23.8","44","https://www.worldbenchmarkingalliance.org/company/albemarle-corporation"
"TAP","Molson Coors Beverage Company","Consumer Staples","26","20.80","20.80","20.80","4","4","0","60","14.8","29.2","https://www.worldbenchmarkingalliance.org/company/molson-coors"
"STLD","Steel Dynamics","Materials","27","20.76","20.76","20.76","4","4","0","60","13.2","30.6","https://www.worldbenchmarkingalliance.org/company/steel-dynamics"
"KDP","Keurig Dr Pepper","Consumer Staples","28","20.72","20.72","20.72","4","4","0","60","24.6","19","https://www.worldbenchmarkingalliance.org/company/keurig-dr-pepper"
"MKC","McCormick & Company","Consumer Staples","29","20.66","20.66","20.66","4","4","0","60","21.1","22.2","https://www.worldbenchmarkingalliance.org/company/mccormick"
"PEP","PepsiCo","Consumer Staples","30","20.42","20.42","20.42","4","4","0","60","15.7","26.4","https://www.worldbenchmarkingalliance.org/company/pepsico"
"CF","CF Industries","Materials","31","20.16","20.16","20.16","4","4","0","40","25.6","35.2","https://www.worldbenchmarkingalliance.org/company/cf-industries"
"MRNA","Moderna","Health Care","32","19.96","19.96","19.96","4","4","0","60","13.4","26.4","https://www.worldbenchmarkingalliance.org/company/moderna"
"TJX","TJX Companies","Consumer Discretionary","33","19.82","19.82","19.82","4","4","0","60","12.2","26.9","https://www.worldbenchmarkingalliance.org/company/tjx-companies"
"MOS","Mosaic Company (The)","Materials","34","19.80","19.80","19.80","4","4","0","40","22","37","https://www.worldbenchmarkingalliance.org/company/mosaic"
"SW","Smurfit Westrock","Materials","35","19.68","19.68","19.68","4","4","0","60","16.6","21.8","https://www.worldbenchmarkingalliance.org/company/smurfit-westrock"
"GILD","Gilead Sciences","Health Care","36","19.54","19.54","19.54","4","4","0","60","15","22.7","https://www.worldbenchmarkingalliance.org/company/gilead-sciences"
"EL","Estée Lauder Companies (The)","Consumer Staples","37","19.28","19.28","19.28","4","4","0","40","22.1","34.3","https://www.worldbenchmarkingalliance.org/company/estee-lauder-companies"
"NUE","Nucor","Materials","38","19.24","19.24","19.24","4","4","0","60","13.5","22.7","https://www.worldbenchmarkingalliance.org/company/nucor"
"NCLH","Norwegian Cruise Line Holdings","Consumer Discretionary","39","19.06","19.06","19.06","4","4","0","60","15.4","19.9","https://www.worldbenchmarkingalliance.org/company/norwegian-cruise-line-holdings"
"SYY","Sysco","Consumer Staples","40","19.02","19.02","19.02","4","4","0","40","15.3","39.8","https://www.worldbenchmarkingalliance.org/company/sysco"
"WMT","Walmart","Consumer Staples","41","18.94","18.94","18.94","4","4","0","60","13.4","21.3","https://www.worldbenchmarkingalliance.org/company/walmart"
"MLM","Martin Marietta Materials","Materials","42","18.86","18.86","18.86","4","4","0","60","12.5","21.8","https://www.worldbenchmarkingalliance.org/company/martin-marietta"
"CMG","Chipotle Mexican Grill","Consumer Discretionary","43","18.80","18.80","18.80","4","4","0","60","16.4","17.6","https://www.worldbenchmarkingalliance.org/company/chipotle-mexican-grill"
"SHW","Sherwin-Williams","Materials","44","18.18","18.18","18.18","4","4","0","40","21.7","29.2","https://www.worldbenchmarkingalliance.org/company/sherwin-williams"
"AVY","Avery Dennison","Materials","45","18.14","18.14","18.14","4","4","0","40","19.7","31","https://www.worldbenchmarkingalliance.org/company/avery-dennison-corporation"
"SBUX","Starbucks","Consumer Discretionary","46","17.80","17.80","17.80","4","4","0","40","18.4","30.6","https://www.worldbenchmarkingalliance.org/company/starbucks"
"AMGN","Amgen","Health Care","47","17.76","17.76","17.76","4","4","0","60","14.9","13.9","https://www.worldbenchmarkingalliance.org/company/amgen"
"ABBV","AbbVie","Health Care","48","17.64","17.64","17.64","4","4","0","40","16.7","31.5","https://www.worldbenchmarkingalliance.org/company/abbvie"
"NKE","Nike, Inc.","Consumer Discretionary","48","17.64","17.64","17.64","4","4","0","40","15.3","32.9","https://www.worldbenchmarkingalliance.org/company/nike"
"HRL","Hormel Foods","Consumer Staples","50","17.60","17.60","17.60","4","4","0","40","17.9","30.1","https://www.worldbenchmarkingalliance.org/company/hormel-foods"
"PFE","Pfizer","Health Care","51","17.30","17.30","17.30","4","4","0","60","14","12.5","https://www.worldbenchmarkingalliance.org/company/pfizer"
"TPR","Tapestry, Inc.","Consumer Discretionary","52","17.08","17.08","17.08","4","4","0","40","22.7","22.7","https://www.worldbenchmarkingalliance.org/company/tapestry"
"WY","Weyerhaeuser","Real Estate","53","16.90","16.90","16.90","4","4","0","40","25.1","19.4","https://www.worldbenchmarkingalliance.org/company/weyerhaeuser"
"MMM","3M","Industrials","54","16.88","16.88","16.88","4","4","0","40","20.8","23.6","https://www.worldbenchmarkingalliance.org/company/3m"
"PPG","PPG Industries","Materials","55","16.86","16.86","16.86","4","4","0","40","18.8","25.5","https://www.worldbenchmarkingalliance.org/company/ppg-industries"
"CCL","Carnival Corporation","Consumer Discretionary","56","16.76","16.76","16.76","4","4","0","40","16","27.8","https://www.worldbenchmarkingalliance.org/company/carnival-corporation"
"RCL","Royal Caribbean Group","Consumer Discretionary","57","16.10","16.10","16.10","4","4","0","40","14.6","25.9","https://www.worldbenchmarkingalliance.org/company/royal-caribbean-group"
"BIIB","Biogen","Health Care","58","15.92","15.92","15.92","4","4","0","40","16","23.6","https://www.worldbenchmarkingalliance.org/company/biogen"
"KO","Coca-Cola Company (The)","Consumer Staples","59","15.58","15.58","15.58","4","4","0","40","10.1","27.8","https://www.worldbenchmarkingalliance.org/company/coca-cola-company"
"PG","Procter & Gamble","Consumer Staples","60","14.70","14.70","14.70","4","4","0","40","14.1","19.4","https://www.worldbenchmarkingalliance.org/company/procter-gamble"
"YUM","Yum! Brands","Consumer Discretionary","61","14.52","14.52","14.52","4","4","0","40","16.9","15.7","https://www.worldbenchmarkingalliance.org/company/yum-brands"
"GEV","GE Vernova","Industrials","62","14.06","14.06","14.06","4","4","0","40","9.9","20.4","https://www.worldbenchmarkingalliance.org/company/ge-vernova"
"SJM","J.M. Smucker Company (The)","Consumer Staples","63","13.82","13.82","13.82","4","4","0","20","12","37.1","https://www.worldbenchmarkingalliance.org/company/jm-smucker"
"MNST","Monster Beverage","Consumer Staples","64","12.92","12.92","12.92","4","4","0","40","7.9","16.7","https://www.worldbenchmarkingalliance.org/company/monster-beverage"
"STZ","Constellation Brands","Consumer Staples","65","12.46","12.46","12.46","4","4","0","40","8.4","13.9","https://www.worldbenchmarkingalliance.org/company/constellation-brands"
"ROST","Ross Stores","Consumer Discretionary","66","10.94","10.94","10.94","4","4","0","40","5.4","9.3","https://www.worldbenchmarkingalliance.org/company/ross-stores"
"BF.B","Brown–Forman","Consumer Staples","67","7.78","7.78","7.78","4","4","0","20","7.8","11.1","https://www.worldbenchmarkingalliance.org/company/brown-forman"
"DRI","Darden Restaurants","Consumer Discretionary","68","7.46","7.46","7.46","4","4","0","20","6.7","10.6","https://www.worldbenchmarkingalliance.org/company/darden-restaurants"
"BLDR","Builders FirstSource","Industrials","69","7.40","7.40","7.40","4","4","0","20","7.7","9.3","https://www.worldbenchmarkingalliance.org/company/builders-firstsource"
"DPZ","Domino's","Consumer Discretionary","70","7.32","7.32","7.32","4","4","0","20","8.3","8.3","https://www.worldbenchmarkingalliance.org/company/dominos"
"TSN","Tyson Foods","Consumer Staples","71","5.48","5.48","5.48","4","4","0","0","10.3","17.1","https://www.worldbenchmarkingalliance.org/company/tyson-foods"
"AOS","A. O. Smith","Industrials","","","0.00","100.00","0","4","","","","",""
"ABT","Abbott Laboratories","Health Care","","","0.00","100.00","0","4","","","","",""
"ACN","Accenture","Information Technology","","","13.64","33.64","3","4","0","40","","28.2","https://www.worldbenchmarkingalliance.org/company/accenture"
"ADBE","Adobe Inc.","Information Technology","","","15.88","35.88","3","4","0","60","","19.4","https://www.worldbenchmarkingalliance.org/company/adobe"
"AMD","Advanced Micro Devices","Information Technology","","","0.00","100.00","0","4","","","","",""
"AES","AES Corporation","Utilities","","","14.86","34.86","3","4","0","40","","34.3","https://www.worldbenchmarkingalliance.org/company/aes"
"AFL","Aflac","Financials","","","0.00","100.00","0","4","","","","",""
"A","Agilent Technologies","Health Care","","","0.00","100.00","0","4","","","","",""
"APD","Air Products","Materials","","","0.00","100.00","0","4","","","","",""
"ABNB","Airbnb","Consumer Discretionary","","","8.26","28.26","3","4","0","20","","21.3","https://www.worldbenchmarkingalliance.org/company/airbnb"
"AKAM","Akamai Technologies","Information Technology","","","0.00","100.00","0","4","","","","",""
"ARE","Alexandria Real Estate Equities","Real Estate","","","0.00","100.00","0","4","","","","",""
"ALGN","Align Technology","Health Care","","","0.00","100.00","0","4","","","","",""
"ALLE","Allegion","Industrials","","","0.00","100.00","0","4","","","","",""
"LNT","Alliant Energy","Utilities","","","0.00","100.00","0","4","","","","",""
"ALL","Allstate","Financials","","","5.94","25.94","3","4","0","20","","9.7","https://www.worldbenchmarkingalliance.org/company/allstate"
"GOOGL/GOOG","Alphabet Inc. (Class A)","Communication Services","","","13.58","33.58","3","4","0","60","","7.9","https://www.worldbenchmarkingalliance.org/company/alphabet"
"MO","Altria","Consumer Staples","","","0.00","100.00","0","4","","","","",""
"AMZN","Amazon","Consumer Discretionary","","","20.34","40.34","3","4","0","60","","41.7","https://www.worldbenchmarkingalliance.org/company/amazon"
"AEE","Ameren","Utilities","","","0.00","100.00","0","4","","","","",""
"AEP","American Electric Power","Utilities","","","0.00","100.00","0","4","","","","",""
"AXP","American Express","Financials","","","17.10","37.10","3","4","0","60","","25.5","https://www.worldbenchmarkingalliance.org/company/american-express"
"AIG","American International Group","Financials","","","7.42","27.42","3","4","0","20","","17.1","https://www.worldbenchmarkingalliance.org/company/american-international-group"
"AMT","American Tower","Real Estate","","","13.12","33.12","3","4","0","60","","5.6","https://www.worldbenchmarkingalliance.org/company/american-tower"
"AWK","American Water Works","Utilities","","","9.38","29.38","3","4","0","40","","6.9","https://www.worldbenchmarkingalliance.org/company/american-water-works"
"AMP","Ameriprise Financial","Financials","","","4.92","24.92","3","4","0","20","","4.6","https://www.worldbenchmarkingalliance.org/company/ameriprise-financial"
"AME","Ametek","Industrials","","","0.00","100.00","0","4","","","","",""
"APH","Amphenol","Information Technology","","","13.94","33.94","3","4","0","40","","29.7","https://www.worldbenchmarkingalliance.org/company/amphenol"
"ADI","Analog Devices","Information Technology","","","11.88","31.88","3","4","0","40","","19.4","https://www.worldbenchmarkingalliance.org/company/analog-devices"
"AON","Aon plc","Financials","","","7.34","27.34","3","4","0","20","","16.7","https://www.worldbenchmarkingalliance.org/company/aon"
"APA","APA Corporation","Energy","","","11.52","31.52","3","4","0","40","","17.6","https://www.worldbenchmarkingalliance.org/company/apa-corporation"
"APO","Apollo Global Management","Financials","","","5.48","25.48","3","4","0","20","","7.4","https://www.worldbenchmarkingalliance.org/company/apollo-global-management"
"AAPL","Apple Inc.","Information Technology","","","15.96","35.96","3","4","0","40","","39.8","https://www.worldbenchmarkingalliance.org/company/apple"
"AMAT","Applied Materials","Information Technology","","","15.42","35.42","3","4","0","60","","17.1","https://www.worldbenchmarkingalliance.org/company/applied-materials"
"APP","AppLovin","Communication Services","","","0.00","100.00","0","4","","","","",""
"APTV","Aptiv","Consumer Discretionary","","","0.00","100.00","0","4","","","","",""
"ACGL","Arch Capital Group","Financials","","","0.00","100.00","0","4","","","","",""
"ADM","Archer Daniels Midland","Consumer Staples","","","0.00","100.00","0","4","","","","",""
"ARES","Ares Management","Financials","","","0.00","100.00","0","4","","","","",""
"ANET","Arista Networks","Information Technology","","","0.00","100.00","0","4","","","","",""
"AJG","Arthur J. Gallagher & Co.","Financials","","","0.00","100.00","0","4","","","","",""
"AIZ","Assurant","Financials","","","0.00","100.00","0","4","","","","",""
"T","AT&T","Communication Services","","","10.32","30.32","3","4","0","40","","11.6","https://www.worldbenchmarkingalliance.org/company/att"
"ATO","Atmos Energy","Utilities","","","0.00","100.00","0","4","","","","",""
"ADSK","Autodesk","Information Technology","","","0.00","100.00","0","4","","","","",""
"ADP","Automatic Data Processing","Industrials","","","0.00","100.00","0","4","","","","",""
"AZO","AutoZone","Consumer Discretionary","","","6.78","26.78","3","4","0","20","","13.9","https://www.worldbenchmarkingalliance.org/company/autozone"
"AXON","Axon Enterprise","Industrials","","","0.00","100.00","0","4","","","","",""
"BKR","Baker Hughes","Energy","","","0.00","100.00","0","4","","","","",""
"BAC","Bank of America","Financials","","","18.48","38.48","3","4","0","60","","32.4","https://www.worldbenchmarkingalliance.org/company/bank-america"
"BDX","Becton Dickinson","Health Care","","","0.00","100.00","0","4","","","","",""
"BRK.B","Berkshire Hathaway","Financials","","","1.12","21.12","3","4","0","0","","5.6","https://www.worldbenchmarkingalliance.org/company/berkshire-hathaway"
"BBY","Best Buy","Consumer Discretionary","","","13.10","33.10","3","4","0","40","","25.5","https://www.worldbenchmarkingalliance.org/company/best-buy"
"TECH","Bio-Techne","Health Care","","","0.00","100.00","0","4","","","","",""
"BLK","BlackRock","Financials","","","17.18","37.18","3","4","0","60","","25.9","https://www.worldbenchmarkingalliance.org/company/blackrock"
"BX","Blackstone Inc.","Financials","","","5.76","25.76","3","4","0","20","","8.8","https://www.worldbenchmarkingalliance.org/company/blackstone-group"
"XYZ","Block, Inc.","Financials","","","5.48","25.48","3","4","0","20","","7.4","https://www.worldbenchmarkingalliance.org/company/block"
"BNY","BNY Mellon","Financials","","","10.94","30.94","3","4","0","20","","34.7","https://www.worldbenchmarkingalliance.org/company/bny-mellon"
"BA","Boeing","Industrials","","","12.26","32.26","3","4","0","40","","21.3","https://www.worldbenchmarkingalliance.org/company/boeing"
"BKNG","Booking Holdings","Consumer Discretionary","","","18.02","38.02","3","4","0","60","","30.1","https://www.worldbenchmarkingalliance.org/company/booking-holdings"
"BSX","Boston Scientific","Health Care","","","0.00","100.00","0","4","","","","",""
"AVGO","Broadcom","Information Technology","","","8.82","28.82","3","4","0","20","","24.1","https://www.worldbenchmarkingalliance.org/company/broadcom"
"BR","Broadridge Financial Solutions","Industrials","","","0.00","100.00","0","4","","","","",""
"BRO","Brown & Brown","Financials","","","0.00","100.00","0","4","","","","",""
"BG","Bunge Global","Consumer Staples","","","0.00","100.00","0","4","","","","",""
"BXP","BXP, Inc.","Real Estate","","","0.00","100.00","0","4","","","","",""
"CHRW","C.H. Robinson","Industrials","","","0.00","100.00","0","4","","","","",""
"CDNS","Cadence Design Systems","Information Technology","","","0.00","100.00","0","4","","","","",""
"CPT","Camden Property Trust","Real Estate","","","0.00","100.00","0","4","","","","",""
"COF","Capital One","Financials","","","5.76","25.76","3","4","0","20","","8.8","https://www.worldbenchmarkingalliance.org/company/capital-one"
"CAH","Cardinal Health","Health Care","","","0.00","100.00","0","4","","","","",""
"CARR","Carrier Global","Industrials","","","0.00","100.00","0","4","","","","",""
"CVNA","Carvana","Consumer Discretionary","","","0.00","100.00","0","4","","","","",""
"CASY","Casey's","Consumer Staples","","","0.00","100.00","0","4","","","","",""
"CAT","Caterpillar Inc.","Industrials","","","0.00","100.00","0","4","","","","",""
"CBOE","Cboe Global Markets","Financials","","","0.00","100.00","0","4","","","","",""
"CBRE","CBRE Group","Real Estate","","","16.36","36.36","3","4","0","60","","21.8","https://www.worldbenchmarkingalliance.org/company/cbre-group"
"CDW","CDW Corporation","Information Technology","","","0.00","100.00","0","4","","","","",""
"COR","Cencora","Health Care","","","0.00","100.00","0","4","","","","",""
"CNC","Centene Corporation","Health Care","","","0.00","100.00","0","4","","","","",""
"CNP","CenterPoint Energy","Utilities","","","0.00","100.00","0","4","","","","",""
"CRL","Charles River Laboratories","Health Care","","","0.00","100.00","0","4","","","","",""
"SCHW","Charles Schwab Corporation","Financials","","","0.00","20.00","3","4","0","0","","0","https://www.worldbenchmarkingalliance.org/company/charles-schwab"
"CHTR","Charter Communications","Communication Services","","","0.00","100.00","0","4","","","","",""
"CVX","Chevron Corporation","Energy","","","15.22","35.22","3","4","0","40","","36.1","https://www.worldbenchmarkingalliance.org/company/chevron"
"CB","Chubb Limited","Financials","","","11.06","31.06","3","4","0","40","","15.3","https://www.worldbenchmarkingalliance.org/company/chubb"
"CHD","Church & Dwight","Consumer Staples","","","0.00","100.00","0","4","","","","",""
"CIEN","Ciena","Information Technology","","","0.00","100.00","0","4","","","","",""
"CI","Cigna","Health Care","","","0.00","100.00","0","4","","","","",""
"CINF","Cincinnati Financial","Financials","","","0.00","100.00","0","4","","","","",""
"CTAS","Cintas","Industrials","","","0.00","100.00","0","4","","","","",""
"CSCO","Cisco","Information Technology","","","21.64","41.64","3","4","0","60","","48.2","https://www.worldbenchmarkingalliance.org/company/cisco"
"C","Citigroup","Financials","","","15.88","35.88","3","4","0","60","","19.4","https://www.worldbenchmarkingalliance.org/company/citigroup"
"CFG","Citizens Financial Group","Financials","","","8.08","28.08","3","4","0","20","","20.4","https://www.worldbenchmarkingalliance.org/company/citizens-financial-group"
"CME","CME Group","Financials","","","0.00","100.00","0","4","","","","",""
"CMS","CMS Energy","Utilities","","","26.20","46.20","3","4","0","100","","31","https://www.worldbenchmarkingalliance.org/company/cms-energy"
"CTSH","Cognizant","Information Technology","","","18.20","38.20","3","4","0","60","","31","https://www.worldbenchmarkingalliance.org/company/cognizant"
"COHR","Coherent Corp.","Information Technology","","","0.00","100.00","0","4","","","","",""
"COIN","Coinbase","Financials","","","0.00","100.00","0","4","","","","",""
"CMCSA","Comcast","Communication Services","","","14.32","34.32","3","4","0","60","","11.6","https://www.worldbenchmarkingalliance.org/company/comcast"
"FIX","Comfort Systems USA","Industrials","","","0.00","100.00","0","4","","","","",""
"COP","ConocoPhillips","Energy","","","14.86","34.86","3","4","0","40","","34.3","https://www.worldbenchmarkingalliance.org/company/conocophillips"
"ED","Consolidated Edison","Utilities","","","9.46","29.46","3","4","0","20","","27.3","https://www.worldbenchmarkingalliance.org/company/consolidated-edison"
"CEG","Constellation Energy","Utilities","","","11.06","31.06","3","4","0","40","","15.3","https://www.worldbenchmarkingalliance.org/company/constellation-energy"
"COO","Cooper Companies (The)","Health Care","","","0.00","100.00","0","4","","","","",""
"CPRT","Copart","Industrials","","","0.00","100.00","0","4","","","","",""
"GLW","Corning Inc.","Information Technology","","","20.62","40.62","3","4","0","60","","43.1","https://www.worldbenchmarkingalliance.org/company/corning"
"CPAY","Corpay","Financials","","","0.00","100.00","0","4","","","","",""
"CTVA","Corteva","Materials","","","0.00","100.00","0","4","","","","",""
"CSGP","CoStar Group","Real Estate","","","0.00","100.00","0","4","","","","",""
"CRH","CRH plc","Materials","","","20.98","40.98","3","4","0","60","","44.9","https://www.worldbenchmarkingalliance.org/company/crh"
"CRWD","CrowdStrike","Information Technology","","","0.00","100.00","0","4","","","","",""
"CCI","Crown Castle","Real Estate","","","0.00","100.00","0","4","","","","",""
"CSX","CSX Corporation","Industrials","","","0.00","100.00","0","4","","","","",""
"CMI","Cummins","Industrials","","","0.00","100.00","0","4","","","","",""
"CVS","CVS Health","Health Care","","","15.62","35.62","3","4","0","60","","18.1","https://www.worldbenchmarkingalliance.org/company/cvs-health"
"DHI","D. R. Horton","Consumer Discretionary","","","6.22","26.22","3","4","0","20","","11.1","https://www.worldbenchmarkingalliance.org/company/dr-horton"
"DHR","Danaher Corporation","Health Care","","","0.00","100.00","0","4","","","","",""
"DDOG","Datadog","Information Technology","","","0.00","100.00","0","4","","","","",""
"DVA","DaVita","Health Care","","","0.00","100.00","0","4","","","","",""
"DECK","Deckers Brands","Consumer Discretionary","","","0.00","100.00","0","4","","","","",""
"DE","Deere & Company","Industrials","","","0.00","100.00","0","4","","","","",""
"DELL","Dell Technologies","Information Technology","","","0.00","100.00","0","4","","","","",""
"DAL","Delta Air Lines","Industrials","","","14.88","34.88","3","4","0","60","","14.4","https://www.worldbenchmarkingalliance.org/company/delta-air-lines"
"DVN","Devon Energy","Energy","","","11.70","31.70","3","4","0","40","","18.5","https://www.worldbenchmarkingalliance.org/company/devon-energy"
"DXCM","Dexcom","Health Care","","","0.00","100.00","0","4","","","","",""
"FANG","Diamondback Energy","Energy","","","0.00","100.00","0","4","","","","",""
"DLR","Digital Realty","Real Estate","","","13.12","33.12","3","4","0","60","","5.6","https://www.worldbenchmarkingalliance.org/company/digital-realty-trust"
"DG","Dollar General","Consumer Staples","","","7.62","27.62","3","4","0","20","","18.1","https://www.worldbenchmarkingalliance.org/company/dollar-general"
"DLTR","Dollar Tree","Consumer Staples","","","11.52","31.52","3","4","0","40","","17.6","https://www.worldbenchmarkingalliance.org/company/dollar-tree"
"D","Dominion Energy","Utilities","","","12.16","32.16","3","4","0","40","","20.8","https://www.worldbenchmarkingalliance.org/company/dominion-energy"
"DASH","DoorDash","Consumer Discretionary","","","0.00","100.00","0","4","","","","",""
"DOV","Dover Corporation","Industrials","","","0.00","100.00","0","4","","","","",""
"DTE","DTE Energy","Utilities","","","0.00","100.00","0","4","","","","",""
"DUK","Duke Energy","Utilities","","","18.48","38.48","3","4","0","60","","32.4","https://www.worldbenchmarkingalliance.org/company/duke-energy"
"ETN","Eaton Corporation","Industrials","","","14.40","34.40","3","4","0","60","","12","https://www.worldbenchmarkingalliance.org/company/eaton"
"EBAY","eBay Inc.","Consumer Discretionary","","","13.86","33.86","3","4","0","60","","9.3","https://www.worldbenchmarkingalliance.org/company/ebay"
"ECHO","EchoStar","Communication Services","","","0.00","100.00","0","4","","","","",""
"ECL","Ecolab","Materials","","","0.00","100.00","0","4","","","","",""
"EIX","Edison International","Utilities","","","0.00","100.00","0","4","","","","",""
"EW","Edwards Lifesciences","Health Care","","","0.00","100.00","0","4","","","","",""
"ELV","Elevance Health","Health Care","","","0.00","100.00","0","4","","","","",""
"EME","Emcor","Industrials","","","0.00","100.00","0","4","","","","",""
"EMR","Emerson Electric","Industrials","","","0.00","100.00","0","4","","","","",""
"ETR","Entergy","Utilities","","","0.00","100.00","0","4","","","","",""
"EOG","EOG Resources","Energy","","","13.00","33.00","3","4","0","40","","25","https://www.worldbenchmarkingalliance.org/company/eog-resources"
"EQT","EQT Corporation","Energy","","","18.58","38.58","3","4","0","60","","32.9","https://www.worldbenchmarkingalliance.org/company/eqt"
"EFX","Equifax","Industrials","","","0.00","100.00","0","4","","","","",""
"EQIX","Equinix","Real Estate","","","18.76","38.76","3","4","0","60","","33.8","https://www.worldbenchmarkingalliance.org/company/equinix"
"ERIE","Erie Indemnity","Financials","","","0.00","100.00","0","4","","","","",""
"ESS","Essex Property Trust","Real Estate","","","0.00","100.00","0","4","","","","",""
"EG","Everest Group","Financials","","","0.00","100.00","0","4","","","","",""
"EVRG","Evergy","Utilities","","","0.00","100.00","0","4","","","","",""
"ES","Eversource Energy","Utilities","","","0.00","100.00","0","4","","","","",""
"EXC","Exelon","Utilities","","","0.00","100.00","0","4","","","","",""
"EXE","Expand Energy","Energy","","","13.18","33.18","3","4","0","40","","25.9","https://www.worldbenchmarkingalliance.org/company/expand-energy"
"EXPE","Expedia Group","Consumer Discretionary","","","0.00","100.00","0","4","","","","",""
"EXPD","Expeditors International","Industrials","","","0.00","100.00","0","4","","","","",""
"EXR","Extra Space Storage","Real Estate","","","0.00","100.00","0","4","","","","",""
"XOM","ExxonMobil","Energy","","","10.78","30.78","3","4","0","40","","13.9","https://www.worldbenchmarkingalliance.org/company/exxonmobil"
"FFIV","F5, Inc.","Information Technology","","","0.00","100.00","0","4","","","","",""
"FDS","FactSet","Financials","","","0.00","100.00","0","4","","","","",""
"FICO","Fair Isaac","Information Technology","","","0.00","100.00","0","4","","","","",""
"FAST","Fastenal","Industrials","","","0.00","100.00","0","4","","","","",""
"FRT","Federal Realty Investment Trust","Real Estate","","","0.00","100.00","0","4","","","","",""
"FDX","FedEx","Industrials","","","21.00","41.00","3","4","0","80","","25","https://www.worldbenchmarkingalliance.org/company/fedex"
"FDXF","FedEx Freight","Industrials","","","0.00","100.00","0","4","","","","",""
"FERG","Ferguson Enterprises","Industrials","","","0.00","100.00","0","4","","","","",""
"FIS","Fidelity National Information Services","Financials","","","0.00","100.00","0","4","","","","",""
"FITB","Fifth Third Bancorp","Financials","","","4.28","24.28","3","4","0","20","","1.4","https://www.worldbenchmarkingalliance.org/company/fifth-third-bancorp"
"FSLR","First Solar","Information Technology","","","19.78","39.78","3","4","0","60","","38.9","https://www.worldbenchmarkingalliance.org/company/first-solar"
"FE","FirstEnergy","Utilities","","","0.00","100.00","0","4","","","","",""
"FISV","Fiserv","Financials","","","6.40","26.40","3","4","0","20","","12","https://www.worldbenchmarkingalliance.org/company/fiserv"
"FLEX","Flex Ltd.","Information Technology","","","0.00","100.00","0","4","","","","",""
"F","Ford Motor Company","Consumer Discretionary","","","31.48","51.48","3","4","0","100","","57.4","https://www.worldbenchmarkingalliance.org/company/ford"
"FTNT","Fortinet","Information Technology","","","0.00","100.00","0","4","","","","",""
"FTV","Fortive","Industrials","","","0.00","100.00","0","4","","","","",""
"FOXA/FOX","Fox Corporation (Class A)","Communication Services","","","0.00","100.00","0","4","","","","",""
"BEN","Franklin Resources","Financials","","","14.88","34.88","3","4","0","60","","14.4","https://www.worldbenchmarkingalliance.org/company/franklin-resources"
"GRMN","Garmin","Consumer Discretionary","","","0.00","100.00","0","4","","","","",""
"IT","Gartner","Information Technology","","","0.00","100.00","0","4","","","","",""
"GE","GE Aerospace","Industrials","","","0.00","100.00","0","4","","","","",""
"GEHC","GE HealthCare","Health Care","","","0.00","100.00","0","4","","","","",""
"GEN","Gen Digital","Information Technology","","","0.00","100.00","0","4","","","","",""
"GNRC","Generac","Industrials","","","0.00","100.00","0","4","","","","",""
"GD","General Dynamics","Industrials","","","0.00","100.00","0","4","","","","",""
"GM","General Motors","Consumer Discretionary","","","20.82","40.82","3","4","0","80","","24.1","https://www.worldbenchmarkingalliance.org/company/general-motors"
"GPC","Genuine Parts Company","Consumer Discretionary","","","0.00","100.00","0","4","","","","",""
"GPN","Global Payments","Financials","","","0.00","100.00","0","4","","","","",""
"GL","Globe Life","Financials","","","0.00","100.00","0","4","","","","",""
"GDDY","GoDaddy","Information Technology","","","0.00","100.00","0","4","","","","",""
"GS","Goldman Sachs","Financials","","","13.66","33.66","3","4","0","60","","8.3","https://www.worldbenchmarkingalliance.org/company/goldman-sachs"
"HAL","Halliburton","Energy","","","0.00","100.00","0","4","","","","",""
"HIG","Hartford (The)","Financials","","","0.00","100.00","0","4","","","","",""
"HAS","Hasbro","Consumer Discretionary","","","0.00","100.00","0","4","","","","",""
"HCA","HCA Healthcare","Health Care","","","0.00","100.00","0","4","","","","",""
"DOC","Healthpeak Properties","Real Estate","","","0.00","100.00","0","4","","","","",""
"HSIC","Henry Schein","Health Care","","","0.00","100.00","0","4","","","","",""
"HPE","Hewlett Packard Enterprise","Information Technology","","","0.00","100.00","0","4","","","","",""
"HLT","Hilton Worldwide","Consumer Discretionary","","","0.00","100.00","0","4","","","","",""
"HD","Home Depot (The)","Consumer Discretionary","","","14.88","34.88","3","4","0","60","","14.4","https://www.worldbenchmarkingalliance.org/company/home-depot"
"HONA","Honeywell Aerospace","Industrials","","","0.00","100.00","0","4","","","","",""
"HON","Honeywell Technologies","Industrials","","","0.00","100.00","0","4","","","","",""
"HST","Host Hotels & Resorts","Real Estate","","","0.00","100.00","0","4","","","","",""
"HWM","Howmet Aerospace","Industrials","","","0.00","100.00","0","4","","","","",""
"HPQ","HP Inc.","Information Technology","","","25.16","45.16","3","4","0","60","","65.8","https://www.worldbenchmarkingalliance.org/company/hp"
"HUBB","Hubbell Incorporated","Industrials","","","0.00","100.00","0","4","","","","",""
"HUM","Humana","Health Care","","","0.00","100.00","0","4","","","","",""
"HBAN","Huntington Bancshares","Financials","","","0.00","100.00","0","4","","","","",""
"HII","Huntington Ingalls Industries","Industrials","","","0.00","100.00","0","4","","","","",""
"IBM","IBM","Information Technology","","","14.32","34.32","3","4","0","60","","11.6","https://www.worldbenchmarkingalliance.org/company/ibm"
"IEX","IDEX Corporation","Industrials","","","0.00","100.00","0","4","","","","",""
"IDXX","Idexx Laboratories","Health Care","","","0.00","100.00","0","4","","","","",""
"ITW","Illinois Tool Works","Industrials","","","0.00","100.00","0","4","","","","",""
"INCY","Incyte","Health Care","","","0.00","100.00","0","4","","","","",""
"IR","Ingersoll Rand","Industrials","","","0.00","100.00","0","4","","","","",""
"PODD","Insulet Corporation","Health Care","","","0.00","100.00","0","4","","","","",""
"INTC","Intel","Information Technology","","","16.72","36.72","3","4","0","60","","23.6","https://www.worldbenchmarkingalliance.org/company/intel"
"IBKR","Interactive Brokers","Financials","","","0.00","100.00","0","4","","","","",""
"ICE","Intercontinental Exchange","Financials","","","0.00","100.00","0","4","","","","",""
"IFF","International Flavors & Fragrances","Materials","","","0.00","100.00","0","4","","","","",""
"INTU","Intuit","Information Technology","","","0.00","100.00","0","4","","","","",""
"ISRG","Intuitive Surgical","Health Care","","","0.00","100.00","0","4","","","","",""
"IVZ","Invesco","Financials","","","0.56","20.56","3","4","0","0","","2.8","https://www.worldbenchmarkingalliance.org/company/invesco"
"INVH","Invitation Homes","Real Estate","","","0.00","100.00","0","4","","","","",""
"IQV","IQVIA","Health Care","","","0.00","100.00","0","4","","","","",""
"IRM","Iron Mountain","Real Estate","","","0.00","100.00","0","4","","","","",""
"JBHT","J.B. Hunt","Industrials","","","0.00","100.00","0","4","","","","",""
"JBL","Jabil","Information Technology","","","0.00","100.00","0","4","","","","",""
"JKHY","Jack Henry & Associates","Financials","","","0.00","100.00","0","4","","","","",""
"J","Jacobs Solutions","Industrials","","","0.00","100.00","0","4","","","","",""
"JCI","Johnson Controls","Industrials","","","0.00","100.00","0","4","","","","",""
"JPM","JPMorgan Chase","Financials","","","16.16","36.16","3","4","0","60","","20.8","https://www.worldbenchmarkingalliance.org/company/jp-morgan-chase"
"KVUE","Kenvue","Consumer Staples","","","0.00","100.00","0","4","","","","",""
"KEY","KeyCorp","Financials","","","7.70","27.70","3","4","0","20","","18.5","https://www.worldbenchmarkingalliance.org/company/keycorp"
"KEYS","Keysight Technologies","Information Technology","","","0.00","100.00","0","4","","","","",""
"KIM","Kimco Realty","Real Estate","","","0.00","100.00","0","4","","","","",""
"KMI","Kinder Morgan","Energy","","","0.00","100.00","0","4","","","","",""
"KKR","KKR & Co.","Financials","","","4.38","24.38","3","4","0","20","","1.9","https://www.worldbenchmarkingalliance.org/company/kkr"
"KLAC","KLA Corporation","Information Technology","","","0.00","100.00","0","4","","","","",""
"LHX","L3Harris","Industrials","","","0.00","100.00","0","4","","","","",""
"LH","Labcorp","Health Care","","","0.00","100.00","0","4","","","","",""
"LRCX","Lam Research","Information Technology","","","17.84","37.84","3","4","0","60","","29.2","https://www.worldbenchmarkingalliance.org/company/lam-research"
"LVS","Las Vegas Sands","Consumer Discretionary","","","0.00","100.00","0","4","","","","",""
"LDOS","Leidos","Industrials","","","0.00","100.00","0","4","","","","",""
"LEN","Lennar","Consumer Discretionary","","","6.32","26.32","3","4","0","20","","11.6","https://www.worldbenchmarkingalliance.org/company/lennar"
"LII","Lennox International","Industrials","","","0.00","100.00","0","4","","","","",""
"LLY","Lilly (Eli)","Health Care","","","0.00","100.00","0","4","","","","",""
"LYV","Live Nation Entertainment","Communication Services","","","0.00","100.00","0","4","","","","",""
"LMT","Lockheed Martin","Industrials","","","0.00","100.00","0","4","","","","",""
"L","Loews Corporation","Financials","","","0.00","100.00","0","4","","","","",""
"LOW","Lowe's","Consumer Discretionary","","","18.30","38.30","3","4","0","60","","31.5","https://www.worldbenchmarkingalliance.org/company/lowes"
"LITE","Lumentum","Information Technology","","","0.00","100.00","0","4","","","","",""
"MTB","M&T Bank","Financials","","","0.00","100.00","0","4","","","","",""
"MPC","Marathon Petroleum","Energy","","","15.78","35.78","3","4","0","40","","38.9","https://www.worldbenchmarkingalliance.org/company/marathon-petroleum"
"MAR","Marriott International","Consumer Discretionary","","","0.00","100.00","0","4","","","","",""
"MRSH","Marsh McLennan","Financials","","","0.00","100.00","0","4","","","","",""
"MRVL","Marvell Technology","Information Technology","","","0.00","100.00","0","4","","","","",""
"MAS","Masco","Industrials","","","0.00","100.00","0","4","","","","",""
"MA","Mastercard","Financials","","","10.12","30.12","3","4","0","40","","10.6","https://www.worldbenchmarkingalliance.org/company/mastercard"
"MCK","McKesson Corporation","Health Care","","","0.00","100.00","0","4","","","","",""
"MDT","Medtronic","Health Care","","","0.00","100.00","0","4","","","","",""
"MRK","Merck & Co.","Health Care","","","0.00","100.00","0","4","","","","",""
"META","Meta Platforms","Communication Services","","","0.00","100.00","0","4","","","","",""
"MET","MetLife","Financials","","","14.50","34.50","3","4","0","60","","12.5","https://www.worldbenchmarkingalliance.org/company/metlife"
"MTD","Mettler Toledo","Health Care","","","0.00","100.00","0","4","","","","",""
"MGM","MGM Resorts","Consumer Discretionary","","","0.00","100.00","0","4","","","","",""
"MCHP","Microchip Technology","Information Technology","","","16.38","36.38","3","4","0","80","","1.9","https://www.worldbenchmarkingalliance.org/company/microchip-technology"
"MU","Micron Technology","Information Technology","","","13.10","33.10","3","4","0","40","","25.5","https://www.worldbenchmarkingalliance.org/company/micron-technology"
"MSFT","Microsoft","Information Technology","","","21.54","41.54","3","4","0","60","","47.7","https://www.worldbenchmarkingalliance.org/company/microsoft"
"MAA","Mid-America Apartment Communities","Real Estate","","","0.00","100.00","0","4","","","","",""
"MPWR","Monolithic Power Systems","Information Technology","","","0.00","100.00","0","4","","","","",""
"MCO","Moody's Corporation","Financials","","","0.00","100.00","0","4","","","","",""
"MS","Morgan Stanley","Financials","","","17.38","37.38","3","4","0","60","","26.9","https://www.worldbenchmarkingalliance.org/company/morgan-stanley"
"MSI","Motorola Solutions","Information Technology","","","0.00","100.00","0","4","","","","",""
"MSCI","MSCI","Financials","","","0.00","100.00","0","4","","","","",""
"NDAQ","Nasdaq, Inc.","Financials","","","0.00","100.00","0","4","","","","",""
"NTAP","NetApp","Information Technology","","","16.36","36.36","3","4","0","60","","21.8","https://www.worldbenchmarkingalliance.org/company/netapp"
"NFLX","Netflix","Communication Services","","","9.40","29.40","3","4","0","40","","7","https://www.worldbenchmarkingalliance.org/company/netflix"
"NWSA/NWS","News Corp (Class A)","Communication Services","","","0.00","100.00","0","4","","","","",""
"NEE","NextEra Energy","Utilities","","","15.24","35.24","3","4","0","60","","16.2","https://www.worldbenchmarkingalliance.org/company/nextera-energy"
"NI","NiSource","Utilities","","","0.00","100.00","0","4","","","","",""
"NDSN","Nordson Corporation","Industrials","","","0.00","100.00","0","4","","","","",""
"NSC","Norfolk Southern","Industrials","","","0.00","100.00","0","4","","","","",""
"NTRS","Northern Trust","Financials","","","9.74","29.74","3","4","0","20","","28.7","https://www.worldbenchmarkingalliance.org/company/northern-trust"
"NOC","Northrop Grumman","Industrials","","","0.00","100.00","0","4","","","","",""
"NRG","NRG Energy","Utilities","","","10.02","30.02","3","4","0","20","","30.1","https://www.worldbenchmarkingalliance.org/company/nrg-energy"
"NVDA","Nvidia","Information Technology","","","14.02","34.02","3","4","0","40","","30.1","https://www.worldbenchmarkingalliance.org/company/nvidia"
"NVR","NVR, Inc.","Consumer Discretionary","","","1.30","21.30","3","4","0","0","","6.5","https://www.worldbenchmarkingalliance.org/company/nvr"
"NXPI","NXP Semiconductors","Information Technology","","","22.00","42.00","3","4","0","60","","50","https://www.worldbenchmarkingalliance.org/company/nxp-semiconductors"
"ORLY","O'Reilly Automotive","Consumer Discretionary","","","5.86","25.86","3","4","0","20","","9.3","https://www.worldbenchmarkingalliance.org/company/oreilly-automotive"
"OXY","Occidental Petroleum","Energy","","","11.70","31.70","3","4","0","40","","18.5","https://www.worldbenchmarkingalliance.org/company/occidental-petroleum"
"ODFL","Old Dominion","Industrials","","","0.00","100.00","0","4","","","","",""
"OMC","Omnicom Group","Communication Services","","","0.00","100.00","0","4","","","","",""
"ON","ON Semiconductor","Information Technology","","","0.00","100.00","0","4","","","","",""
"OKE","Oneok","Energy","","","0.00","100.00","0","4","","","","",""
"ORCL","Oracle Corporation","Information Technology","","","17.66","37.66","3","4","0","60","","28.3","https://www.worldbenchmarkingalliance.org/company/oracle"
"OTIS","Otis Worldwide","Industrials","","","0.00","100.00","0","4","","","","",""
"PCAR","Paccar","Industrials","","","17.28","37.28","3","4","0","60","","26.4","https://www.worldbenchmarkingalliance.org/company/paccar"
"PKG","Packaging Corporation of America","Materials","","","0.00","100.00","0","4","","","","",""
"PLTR","Palantir Technologies","Information Technology","","","0.00","100.00","0","4","","","","",""
"PANW","Palo Alto Networks","Information Technology","","","0.00","100.00","0","4","","","","",""
"PSKY","Paramount Skydance Corporation","Communication Services","","","0.00","100.00","0","4","","","","",""
"PH","Parker Hannifin","Industrials","","","0.00","100.00","0","4","","","","",""
"PAYX","Paychex","Industrials","","","0.00","100.00","0","4","","","","",""
"PYPL","PayPal","Financials","","","14.30","34.30","3","4","0","40","","31.5","https://www.worldbenchmarkingalliance.org/company/paypal"
"PNR","Pentair","Industrials","","","0.00","100.00","0","4","","","","",""
"PCG","PG&E Corporation","Utilities","","","17.46","37.46","3","4","0","60","","27.3","https://www.worldbenchmarkingalliance.org/company/pge"
"PM","Philip Morris International","Consumer Staples","","","0.00","100.00","0","4","","","","",""
"PSX","Phillips 66","Energy","","","9.94","29.94","3","4","0","40","","9.7","https://www.worldbenchmarkingalliance.org/company/phillips-66"
"PNW","Pinnacle West Capital","Utilities","","","0.00","100.00","0","4","","","","",""
"PNC","PNC Financial Services","Financials","","","0.00","100.00","0","4","","","","",""
"PPL","PPL Corporation","Utilities","","","10.32","30.32","3","4","0","40","","11.6","https://www.worldbenchmarkingalliance.org/company/ppl"
"PFG","Principal Financial Group","Financials","","","11.32","31.32","3","4","0","20","","36.6","https://www.worldbenchmarkingalliance.org/company/principal-financial"
"PGR","Progressive Corporation","Financials","","","5.58","25.58","3","4","0","20","","7.9","https://www.worldbenchmarkingalliance.org/company/progressive"
"PLD","Prologis","Real Estate","","","16.54","36.54","3","4","0","60","","22.7","https://www.worldbenchmarkingalliance.org/company/prologis"
"PRU","Prudential Financial","Financials","","","7.70","27.70","3","4","0","20","","18.5","https://www.worldbenchmarkingalliance.org/company/prudential-financial"
"PTC","PTC Inc.","Information Technology","","","0.00","100.00","0","4","","","","",""
"PEG","Public Service Enterprise Group","Utilities","","","0.00","100.00","0","4","","","","",""
"PSA","Public Storage","Real Estate","","","0.00","100.00","0","4","","","","",""
"PHM","PulteGroup","Consumer Discretionary","","","8.64","28.64","3","4","0","20","","23.2","https://www.worldbenchmarkingalliance.org/company/pultegroup"
"Q","Qnity Electronics","Information Technology","","","0.00","100.00","0","4","","","","",""
"QCOM","Qualcomm","Information Technology","","","19.96","39.96","3","4","0","60","","39.8","https://www.worldbenchmarkingalliance.org/company/qualcomm"
"PWR","Quanta Services","Industrials","","","0.00","100.00","0","4","","","","",""
"DGX","Quest Diagnostics","Health Care","","","0.00","100.00","0","4","","","","",""
"RJF","Raymond James Financial","Financials","","","9.10","29.10","3","4","0","20","","25.5","https://www.worldbenchmarkingalliance.org/company/raymond-james-financial"
"O","Realty Income","Real Estate","","","7.34","27.34","3","4","0","20","","16.7","https://www.worldbenchmarkingalliance.org/company/realty-income"
"RDDT","Reddit","Communication Services","","","0.00","100.00","0","4","","","","",""
"REG","Regency Centers","Real Estate","","","0.00","100.00","0","4","","","","",""
"REGN","Regeneron Pharmaceuticals","Health Care","","","0.00","100.00","0","4","","","","",""
"RF","Regions Financial Corporation","Financials","","","0.00","100.00","0","4","","","","",""
"RSG","Republic Services","Industrials","","","17.00","37.00","3","4","0","60","","25","https://www.worldbenchmarkingalliance.org/company/republic-services"
"RMD","ResMed|","Health Care","","","0.00","100.00","0","4","","","","",""
"RVTY","Revvity","Health Care","","","0.00","100.00","0","4","","","","",""
"HOOD","Robinhood Markets","Financials","","","0.00","100.00","0","4","","","","",""
"ROK","Rockwell Automation","Industrials","","","0.00","100.00","0","4","","","","",""
"ROL","Rollins, Inc.","Industrials","","","0.00","100.00","0","4","","","","",""
"ROP","Roper Technologies","Information Technology","","","0.00","100.00","0","4","","","","",""
"RTX","RTX Corporation","Industrials","","","0.00","100.00","0","4","","","","",""
"SPGI","S&P Global","Financials","","","0.00","100.00","0","4","","","","",""
"CRM","Salesforce","Information Technology","","","13.66","33.66","3","4","0","40","","28.3","https://www.worldbenchmarkingalliance.org/company/salesforce"
"SNDK","Sandisk","Information Technology","","","0.00","100.00","0","4","","","","",""
"SBAC","SBA Communications","Real Estate","","","0.00","100.00","0","4","","","","",""
"SLB","Schlumberger","Energy","","","0.00","100.00","0","4","","","","",""
"STX","Seagate Technology","Information Technology","","","0.00","100.00","0","4","","","","",""
"SRE","Sempra","Utilities","","","0.00","100.00","0","4","","","","",""
"NOW","ServiceNow","Information Technology","","","15.14","35.14","3","4","0","60","","15.7","https://www.worldbenchmarkingalliance.org/company/servicenow"
"SPG","Simon Property Group","Real Estate","","","13.38","33.38","3","4","0","60","","6.9","https://www.worldbenchmarkingalliance.org/company/simon-property-group"
"SWKS","Skyworks Solutions","Information Technology","","","0.00","100.00","0","4","","","","",""
"SNA","Snap-on","Industrials","","","0.00","100.00","0","4","","","","",""
"SOLV","Solventum","Health Care","","","0.00","100.00","0","4","","","","",""
"SO","Southern Company","Utilities","","","10.40","30.40","3","4","0","20","","32","https://www.worldbenchmarkingalliance.org/company/southern-co"
"LUV","Southwest Airlines","Industrials","","","15.88","35.88","3","4","0","60","","19.4","https://www.worldbenchmarkingalliance.org/company/southwest-airlines"
"SWK","Stanley Black & Decker","Industrials","","","0.00","100.00","0","4","","","","",""
"STT","State Street Corporation","Financials","","","6.40","26.40","3","4","0","20","","12","https://www.worldbenchmarkingalliance.org/company/state-street"
"STE","Steris","Health Care","","","0.00","100.00","0","4","","","","",""
"SYK","Stryker Corporation","Health Care","","","0.00","100.00","0","4","","","","",""
"SMCI","Supermicro","Information Technology","","","0.00","100.00","0","4","","","","",""
"SYF","Synchrony Financial","Financials","","","0.00","100.00","0","4","","","","",""
"SNPS","Synopsys","Information Technology","","","0.00","100.00","0","4","","","","",""
"TMUS","T-Mobile US","Communication Services","","","0.00","100.00","0","4","","","","",""
"TROW","T. Rowe Price","Financials","","","11.24","31.24","3","4","0","40","","16.2","https://www.worldbenchmarkingalliance.org/company/t-rowe-price-group"
"TTWO","Take-Two Interactive","Communication Services","","","0.00","100.00","0","4","","","","",""
"TRGP","Targa Resources","Energy","","","10.76","30.76","3","4","0","20","","33.8","https://www.worldbenchmarkingalliance.org/company/targa-resources"
"TGT","Target Corporation","Consumer Staples","","","44.90","64.90","3","4","50","100","","24.5","https://www.worldbenchmarkingalliance.org/company/target"
"TEL","TE Connectivity","Information Technology","","","21.26","41.26","3","4","0","60","","46.3","https://www.worldbenchmarkingalliance.org/company/te-connectivity"
"TDY","Teledyne Technologies","Information Technology","","","0.00","100.00","0","4","","","","",""
"TER","Teradyne","Information Technology","","","0.00","100.00","0","4","","","","",""
"TSLA","Tesla, Inc.","Consumer Discretionary","","","13.38","33.38","3","4","0","60","","6.9","https://www.worldbenchmarkingalliance.org/company/tesla"
"TXN","Texas Instruments","Information Technology","","","13.46","33.46","3","4","0","40","","27.3","https://www.worldbenchmarkingalliance.org/company/texas-instruments"
"TPL","Texas Pacific Land Corporation","Energy","","","0.00","100.00","0","4","","","","",""
"TXT","Textron","Industrials","","","0.00","100.00","0","4","","","","",""
"TMO","Thermo Fisher Scientific","Health Care","","","0.00","100.00","0","4","","","","",""
"TKO","TKO Group Holdings","Communication Services","","","0.00","100.00","0","4","","","","",""
"TSCO","Tractor Supply","Consumer Discretionary","","","0.00","100.00","0","4","","","","",""
"TTD","Trade Desk (The)","Communication Services","","","0.00","100.00","0","4","","","","",""
"TT","Trane Technologies","Industrials","","","0.00","100.00","0","4","","","","",""
"TDG","TransDigm Group","Industrials","","","0.00","100.00","0","4","","","","",""
"TRV","Travelers Companies (The)","Financials","","","0.00","100.00","0","4","","","","",""
"TRMB","Trimble Inc.","Information Technology","","","0.00","100.00","0","4","","","","",""
"TFC","Truist Financial","Financials","","","0.00","100.00","0","4","","","","",""
"TYL","Tyler Technologies","Information Technology","","","0.00","100.00","0","4","","","","",""
"USB","U.S. Bancorp","Financials","","","8.54","28.54","3","4","0","20","","22.7","https://www.worldbenchmarkingalliance.org/company/us-bancorp"
"UBER","Uber","Industrials","","","14.12","34.12","3","4","0","60","","10.6","https://www.worldbenchmarkingalliance.org/company/uber"
"UDR","UDR, Inc.","Real Estate","","","0.00","100.00","0","4","","","","",""
"ULTA","Ulta Beauty","Consumer Discretionary","","","11.80","31.80","3","4","0","40","","19","https://www.worldbenchmarkingalliance.org/company/ulta-beauty"
"UNP","Union Pacific Corporation","Industrials","","","0.00","100.00","0","4","","","","",""
"UAL","United Airlines Holdings","Industrials","","","15.06","35.06","3","4","0","60","","15.3","https://www.worldbenchmarkingalliance.org/company/united-airlines-holdings"
"UPS","United Parcel Service","Industrials","","","12.08","32.08","3","4","0","40","","20.4","https://www.worldbenchmarkingalliance.org/company/united-parcel-service"
"URI","United Rentals","Industrials","","","0.00","100.00","0","4","","","","",""
"UNH","UnitedHealth Group","Health Care","","","0.00","100.00","0","4","","","","",""
"UHS","Universal Health Services","Health Care","","","0.00","100.00","0","4","","","","",""
"VLO","Valero Energy","Energy","","","13.38","33.38","3","4","0","40","","26.9","https://www.worldbenchmarkingalliance.org/company/valero-energy"
"VEEV","Veeva Systems","Health Care","","","0.00","100.00","0","4","","","","",""
"VTR","Ventas","Real Estate","","","0.00","100.00","0","4","","","","",""
"VLTO","Veralto","Industrials","","","0.00","100.00","0","4","","","","",""
"VRSN","Verisign","Information Technology","","","0.00","100.00","0","4","","","","",""
"VRSK","Verisk Analytics","Industrials","","","0.00","100.00","0","4","","","","",""
"VZ","Verizon","Communication Services","","","25.44","45.44","3","4","0","80","","47.2","https://www.worldbenchmarkingalliance.org/company/verizon"
"VRTX","Vertex Pharmaceuticals","Health Care","","","0.00","100.00","0","4","","","","",""
"VRT","Vertiv","Industrials","","","0.00","100.00","0","4","","","","",""
"VTRS","Viatris","Health Care","","","0.00","100.00","0","4","","","","",""
"VICI","Vici Properties","Real Estate","","","0.00","100.00","0","4","","","","",""
"V","Visa Inc.","Financials","","","15.62","35.62","3","4","0","60","","18.1","https://www.worldbenchmarkingalliance.org/company/visa"
"VST","Vistra Corp.","Utilities","","","17.46","37.46","3","4","0","60","","27.3","https://www.worldbenchmarkingalliance.org/company/vistra"
"VMRK","Vivmark Residential","Real Estate","","","0.00","100.00","0","4","","","","",""
"VMC","Vulcan Materials Company","Materials","","","0.00","100.00","0","4","","","","",""
"WRB","W. R. Berkley Corporation","Financials","","","0.00","100.00","0","4","","","","",""
"GWW","W. W. Grainger","Industrials","","","0.00","100.00","0","4","","","","",""
"WAB","Wabtec","Industrials","","","0.00","100.00","0","4","","","","",""
"DIS","Walt Disney Company (The)","Communication Services","","","18.12","38.12","3","4","0","60","","30.6","https://www.worldbenchmarkingalliance.org/company/walt-disney"
"WBD","Warner Bros. Discovery","Communication Services","","","6.60","26.60","3","4","0","20","","13","https://www.worldbenchmarkingalliance.org/company/warner-bros-discovery"
"WM","Waste Management","Industrials","","","18.94","38.94","3","4","0","60","","34.7","https://www.worldbenchmarkingalliance.org/company/waste-management-inc"
"WAT","Waters Corporation","Health Care","","","0.00","100.00","0","4","","","","",""
"WEC","WEC Energy Group","Utilities","","","9.58","29.58","3","4","0","40","","7.9","https://www.worldbenchmarkingalliance.org/company/wec-energy-group"
"WFC","Wells Fargo","Financials","","","8.54","28.54","3","4","0","20","","22.7","https://www.worldbenchmarkingalliance.org/company/wells-fargo"
"WELL","Welltower","Real Estate","","","10.30","30.30","3","4","0","20","","31.5","https://www.worldbenchmarkingalliance.org/company/welltower"
"WST","West Pharmaceutical Services","Health Care","","","0.00","100.00","0","4","","","","",""
"WDC","Western Digital","Information Technology","","","18.12","38.12","3","4","0","60","","30.6","https://www.worldbenchmarkingalliance.org/company/western-digital"
"WMB","Williams Companies","Energy","","","0.00","100.00","0","4","","","","",""
"WSM","Williams-Sonoma, Inc.","Consumer Discretionary","","","13.66","33.66","3","4","0","60","","8.3","https://www.worldbenchmarkingalliance.org/company/williams-sonoma"
"WTW","Willis Towers Watson","Financials","","","5.76","25.76","3","4","0","20","","8.8","https://www.worldbenchmarkingalliance.org/company/willis-towers-watson"
"WDAY","Workday, Inc.","Information Technology","","","0.00","100.00","0","4","","","","",""
"WYNN","Wynn Resorts","Consumer Discretionary","","","0.00","100.00","0","4","","","","",""
"XEL","Xcel Energy","Utilities","","","14.50","34.50","3","4","0","60","","12.5","https://www.worldbenchmarkingalliance.org/company/xcel-energy"
"XYL","Xylem Inc.","Industrials","","","17.74","37.74","3","4","0","60","","28.7","https://www.worldbenchmarkingalliance.org/company/xylem"
"ZBRA","Zebra Technologies","Information Technology","","","0.00","100.00","0","4","","","","",""
"ZBH","Zimmer Biomet","Health Care","","","0.00","100.00","0","4","","","","",""
"ZTS","Zoetis","Health Care","","","0.00","100.00","0","4","","","","",""
