ticker,p10,p50,p90,band_width,share_top_quintile,share_bottom_quintile,company,gics_sector,gics_sub_industry,match_confidence
ABBV,70.0,100.0,100.0,30.0,85.46666666666667,1.9333333333333333,AbbVie,Health Care,Biotechnology,1.0
AVGO,77.77777777777779,100.0,100.0,22.222222222222214,89.86666666666666,0.4,Broadcom,Information Technology,Semiconductors,1.0
DVN,85.71428571428571,100.0,100.0,14.285714285714292,94.53333333333333,0.0,Devon Energy,Energy,Oil & Gas Exploration & Production,0.9955682684973303
EXC,92.85714285714286,100.0,100.0,7.142857142857139,100.0,0.0,Exelon,Utilities,Electric Utilities,1.0
GOOGL,100.0,100.0,100.0,0.0,94.0,0.0,Alphabet Inc. (Class A),Communication Services,Interactive Media & Services,1.0
MGM,50.0,100.0,100.0,50.0,59.86666666666667,0.0,MGM Resorts,Consumer Discretionary,Casinos & Gaming,1.0
KHC,92.3076923076923,100.0,100.0,7.692307692307693,96.39999999999999,0.0,Kraft Heinz,Consumer Staples,Packaged Foods & Meats,1.0
WY,100.0,100.0,100.0,0.0,100.0,0.0,Weyerhaeuser,Real Estate,Timber REITs,1.0
NEM,94.44444444444444,100.0,100.0,5.555555555555557,99.66666666666667,0.0,Newmont,Materials,Gold,1.0
WFC,85.71428571428571,100.0,100.0,14.285714285714292,99.33333333333333,0.0,Wells Fargo,Financials,Diversified Banks,1.0
PEG,92.85714285714286,96.29629629629629,100.0,7.142857142857139,100.0,0.0,Public Service Enterprise Group,Utilities,Electric Utilities,1.0
CTVA,83.33333333333334,94.44444444444444,100.0,16.666666666666657,98.4,0.0,Corteva,Materials,Fertilizers & Agricultural Chemicals,1.0
NRG,85.18518518518519,92.5925925925926,100.0,14.81481481481481,92.53333333333333,0.0,NRG Energy,Utilities,Independent Power Producers & Energy Traders,1.0
MO,76.92307692307693,91.66666666666666,92.3076923076923,15.384615384615373,79.46666666666667,0.0,Altria,Consumer Staples,Tobacco,1.0
CNP,77.77777777777779,90.0,100.0,22.222222222222214,78.33333333333333,0.0,CenterPoint Energy,Utilities,Multi-Utilities,1.0
HON,72.22222222222221,90.0,100.0,27.777777777777786,87.93333333333334,0.0,Honeywell Technologies,Industrials,Industrial Conglomerates,0.9447916666666666
DE,80.0,90.0,100.0,20.0,91.53333333333333,0.0,Deere & Company,Industrials,Agricultural & Farm Machinery,1.0
NI,81.48148148148148,90.0,100.0,18.51851851851852,97.6,0.0,NiSource,Utilities,Multi-Utilities,1.0
ALB,83.33333333333334,88.88888888888889,94.44444444444444,11.1111111111111,93.8,0.0,Albemarle Corporation,Materials,Specialty Chemicals,1.0
MPC,68.75,87.5,100.0,31.25,70.13333333333334,0.0,Marathon Petroleum,Energy,Oil & Gas Refining & Marketing,0.9696710195249597
HAL,66.66666666666666,87.5,100.0,33.33333333333334,64.93333333333334,0.06666666666666667,Halliburton,Energy,Oil & Gas Equipment & Services,0.9833333333333334
EQT,57.14285714285714,85.71428571428571,93.75,36.60714285714286,63.13333333333333,0.0,EQT Corporation,Energy,Oil & Gas Exploration & Production,0.9598278911204607
KKR,71.42857142857143,85.71428571428571,100.0,28.57142857142857,76.8,0.0,KKR & Co.,Financials,Asset Management & Custody Banks,1.0
PEP,69.23076923076923,84.61538461538461,92.3076923076923,23.07692307692308,60.93333333333333,0.0,PepsiCo,Consumer Staples,Soft Drinks & Non-alcoholic Beverages,1.0
FE,77.77777777777779,83.33333333333334,85.71428571428571,7.9365079365079225,68.86666666666666,0.0,FirstEnergy,Utilities,Electric Utilities,0.9916666666666667
FCX,77.77777777777779,83.33333333333334,88.88888888888889,11.1111111111111,56.93333333333334,0.0,Freeport-McMoRan,Materials,Copper,0.987037037037037
LMT,62.5,83.33333333333334,100.0,37.5,55.00000000000001,0.33333333333333337,Lockheed Martin,Industrials,Aerospace & Defense,1.0
GLW,45.45454545454545,81.81818181818183,100.0,54.54545454545455,51.06666666666667,2.0666666666666664,Corning Inc.,Information Technology,Electronic Components,1.0
CVX,75.0,81.25,100.0,25.0,59.13333333333334,0.0,Chevron Corporation,Energy,Integrated Oil & Gas,0.9996666666666667
BMY,49.00000000000006,80.0,90.0,40.99999999999994,56.13333333333333,3.2,Bristol Myers Squibb,Health Care,Pharmaceuticals,1.0
CAT,66.11111111111113,80.0,94.11764705882352,28.006535947712393,58.199999999999996,0.0,Caterpillar Inc.,Industrials,Construction Machinery & Heavy Transportation Equipment,1.0
DD,30.0,80.0,100.0,70.0,50.66666666666667,6.066666666666666,DuPont,Industrials,Industrial Conglomerates,0.9077380952380953
SW,66.66666666666666,77.77777777777779,94.44444444444444,27.777777777777786,47.13333333333333,0.2,Smurfit Westrock,Materials,Paper & Plastic Packaging Products & Materials,0.9
PFE,40.0,77.77777777777779,90.0,50.0,49.46666666666666,3.5333333333333337,Pfizer,Health Care,Pharmaceuticals,1.0
QCOM,54.54545454545454,77.77777777777779,90.9090909090909,36.36363636363637,40.0,0.8666666666666666,Qualcomm,Information Technology,Semiconductors,1.0
GM,25.0,75.0,100.0,75.0,29.06666666666667,0.0,General Motors,Consumer Discretionary,Automobile Manufacturers,1.0
SWKS,45.45454545454545,75.0,90.9090909090909,45.45454545454545,37.666666666666664,0.8666666666666666,Skyworks Solutions,Information Technology,Semiconductors,1.0
NXPI,18.181818181818183,72.72727272727273,100.0,81.81818181818181,41.06666666666667,9.733333333333333,NXP Semiconductors,Information Technology,Semiconductors,1.0
MOS,66.66666666666666,72.22222222222221,77.77777777777779,11.111111111111128,1.6666666666666667,0.0,Mosaic Company (The),Materials,Fertilizers & Agricultural Chemicals,1.0
BLK,42.857142857142854,71.42857142857143,71.42857142857143,28.571428571428577,9.933333333333334,0.0,BlackRock,Financials,Asset Management & Custody Banks,1.0
EXE,43.75,71.42857142857143,87.5,43.75,30.466666666666665,0.06666666666666667,Expand Energy,Energy,Oil & Gas Exploration & Production,0.9500000000000001
PCG,62.175925925925945,70.37037037037037,80.0,17.824074074074055,42.333333333333336,0.0,PG&E Corporation,Utilities,Multi-Utilities,0.9794871794871794
ATO,66.66666666666666,70.37037037037037,85.18518518518519,18.518518518518533,20.066666666666666,0.0,Atmos Energy,Utilities,Gas Utilities,1.0
NSC,55.55555555555556,70.0,88.88888888888889,33.33333333333333,27.800000000000004,0.2,Norfolk Southern,Industrials,Rail Transportation,0.9499999999999998
MU,44.44444444444444,70.0,90.0,45.55555555555556,29.2,1.4000000000000001,Micron Technology,Information Technology,Semiconductors,1.0
LLY,10.0,70.0,100.0,90.0,39.266666666666666,27.400000000000002,Lilly (Eli),Health Care,Pharmaceuticals,0.9416666666666668
MRK,40.0,70.0,90.0,50.0,34.93333333333333,4.6,Merck & Co.,Health Care,Pharmaceuticals,0.9972222222222222
ED,48.148148148148145,70.0,70.37037037037037,22.22222222222222,6.266666666666667,0.0,Consolidated Edison,Utilities,Multi-Utilities,1.0
PG,46.15384615384615,69.23076923076923,84.61538461538461,38.46153846153846,11.133333333333335,0.13333333333333333,Procter & Gamble,Consumer Staples,Personal Care Products,1.0
TAP,23.076923076923077,69.23076923076923,100.0,76.92307692307692,35.13333333333333,6.066666666666666,Molson Coors Beverage Company,Consumer Staples,Brewers,0.9833333333333334
NUE,61.111111111111114,66.66666666666666,77.77777777777779,16.66666666666667,1.7999999999999998,0.0,Nucor,Materials,Steel,1.0
NOC,44.44444444444444,66.66666666666666,87.5,43.05555555555556,27.46666666666667,1.0,Northrop Grumman,Industrials,Aerospace & Defense,1.0
PPL,11.11111111111111,64.28571428571429,78.57142857142857,67.46031746031746,6.0,20.533333333333335,PPL Corporation,Utilities,Electric Utilities,1.0
WEC,51.85185185185185,64.28571428571429,71.42857142857143,19.576719576719583,0.0,0.0,WEC Energy Group,Utilities,Electric Utilities,1.0
TSN,30.76923076923077,61.53846153846154,76.92307692307693,46.15384615384616,4.3999999999999995,0.6,Tyson Foods,Consumer Staples,Packaged Foods & Meats,1.0
STLD,44.44444444444444,61.111111111111114,66.66666666666666,22.222222222222214,0.0,0.13333333333333333,Steel Dynamics,Materials,Steel,1.0
NEE,40.0,60.0,88.88888888888889,48.888888888888886,25.466666666666665,0.4,NextEra Energy,Utilities,Multi-Utilities,0.9948717948717949
AEP,42.857142857142854,58.333333333333336,71.42857142857143,28.571428571428577,0.0,0.0,American Electric Power,Utilities,Electric Utilities,0.9982724313513153
GS,57.14285714285714,57.14285714285714,71.42857142857143,14.285714285714292,7.933333333333334,0.0,Goldman Sachs,Financials,Investment Banking & Brokerage,1.0
EOG,42.857142857142854,57.14285714285714,71.42857142857143,28.571428571428577,6.066666666666666,0.0,EOG Resources,Energy,Oil & Gas Exploration & Production,0.9995421245421245
VLO,43.75,56.25,68.75,25.0,1.6,0.06666666666666667,Valero Energy,Energy,Oil & Gas Refining & Marketing,1.0
HWM,27.77777777777778,55.55555555555556,77.77777777777779,50.00000000000001,8.533333333333333,3.733333333333334,Howmet Aerospace,Industrials,Aerospace & Defense,1.0
LIN,44.44444444444444,55.55555555555556,61.111111111111114,16.66666666666667,0.0,0.0,Linde plc,Materials,Industrial Gases,0.9709602420402859
SJM,30.76923076923077,53.84615384615385,76.92307692307693,46.15384615384616,5.733333333333333,0.8666666666666666,J.M. Smucker Company (The),Consumer Staples,Packaged Foods & Meats,0.9523809523809522
DUK,40.74074074074074,51.85185185185185,64.28571428571429,23.54497354497355,0.0,0.0,Duke Energy,Utilities,Electric Utilities,1.0
DAL,40.0,50.0,66.66666666666666,26.666666666666657,2.466666666666667,0.4,Delta Air Lines,Industrials,Passenger Airlines,1.0
AEE,20.0,50.0,66.66666666666666,46.66666666666666,4.333333333333334,18.2,Ameren,Utilities,Multi-Utilities,1.0
VTRS,30.0,50.0,80.0,50.0,10.6,9.066666666666666,Viatris,Health Care,Pharmaceuticals,1.0
TMO,20.0,50.0,70.0,50.0,8.266666666666666,10.466666666666667,Thermo Fisher Scientific,Health Care,Life Sciences Tools & Services,1.0
PKG,50.0,50.0,61.111111111111114,11.111111111111114,0.0,0.0,Packaging Corporation of America,Materials,Paper & Plastic Packaging Products & Materials,1.0
PSX,33.33333333333333,50.0,66.66666666666666,33.33333333333333,0.06666666666666667,0.33333333333333337,Phillips 66,Energy,Oil & Gas Refining & Marketing,1.0
DIS,50.0,50.0,50.0,0.0,3.3333333333333335,0.0,Walt Disney Company (The),Communication Services,Movies & Entertainment,1.0
HII,29.411764705882355,50.0,77.77777777777779,48.36601307189543,9.2,2.8666666666666667,Huntington Ingalls Industries,Industrials,Aerospace & Defense,1.0
GE,22.22222222222222,50.0,87.5,65.27777777777777,12.866666666666667,8.533333333333333,GE Aerospace,Industrials,Aerospace & Defense,0.9500000000000001
F,25.0,50.0,75.0,50.0,9.0,0.0,Ford Motor Company,Consumer Discretionary,Automobile Manufacturers,1.0
HPQ,18.181818181818183,50.0,63.63636363636363,45.45454545454545,4.0,14.533333333333335,HP Inc.,Information Technology,"Technology Hardware, Storage & Peripherals",0.9
GIS,30.76923076923077,46.15384615384615,69.23076923076923,38.46153846153845,1.2,2.0666666666666664,General Mills,Consumer Staples,Packaged Foods & Meats,1.0
BG,23.076923076923077,46.15384615384615,69.23076923076923,46.153846153846146,3.5999999999999996,2.7333333333333334,Bunge Global,Consumer Staples,Agricultural Products & Services,0.9
RTX,22.22222222222222,45.7516339869281,77.77777777777779,55.555555555555564,9.666666666666666,8.0,RTX Corporation,Industrials,Aerospace & Defense,0.9187500000000001
INTC,22.22222222222222,44.44444444444444,66.66666666666666,44.444444444444436,3.2,7.866666666666666,Intel,Information Technology,Semiconductors,0.9809523809523809
PNW,33.33333333333333,44.44444444444444,60.0,26.66666666666667,0.06666666666666667,0.06666666666666667,Pinnacle West Capital,Utilities,Multi-Utilities,0.9969696969696971
LYB,33.33333333333333,44.44444444444444,50.0,16.66666666666667,0.0,0.26666666666666666,LyondellBasell,Materials,Specialty Chemicals,0.9916887709991157
OKE,33.33333333333333,44.44444444444444,62.5,29.16666666666667,0.8666666666666666,0.33333333333333337,Oneok,Energy,Oil & Gas Storage & Transportation,0.9990119928761415
BRK-B,42.857142857142854,42.857142857142854,71.42857142857143,28.571428571428577,5.866666666666666,0.0,Berkshire Hathaway,Financials,Multi-Sector Holdings,0.9963027717665375
COP,31.25,42.857142857142854,62.5,31.25,1.866666666666667,1.0,ConocoPhillips,Energy,Oil & Gas Exploration & Production,1.0
HRL,25.0,41.66666666666667,69.23076923076923,44.230769230769226,1.6666666666666667,0.7333333333333333,Hormel Foods,Consumer Staples,Packaged Foods & Meats,1.0
ABT,20.0,40.0,60.0,40.0,2.7333333333333334,15.666666666666668,Abbott Laboratories,Health Care,Health Care Equipment,1.0
MMM,23.52941176470588,40.0,55.55555555555556,32.02614379084967,0.7333333333333333,2.8666666666666667,3M,Industrials,Industrial Conglomerates,1.0
IP,27.77777777777778,38.88888888888889,44.44444444444444,16.666666666666664,0.0,3.6666666666666665,International Paper,Materials,Paper & Plastic Packaging Products & Materials,1.0
BA,22.22222222222222,37.5,72.22222222222221,49.99999999999999,4.066666666666666,9.266666666666666,Boeing,Industrials,Aerospace & Defense,1.0
EIX,22.22222222222222,37.03703703703704,71.42857142857143,49.20634920634921,0.0,5.6000000000000005,Edison International,Utilities,Electric Utilities,0.9972222222222222
SO,25.925925925925924,37.03703703703704,50.0,24.074074074074076,0.0,4.133333333333333,Southern Company,Utilities,Electric Utilities,1.0
MCHP,18.181818181818183,36.36363636363637,63.63636363636363,45.45454545454545,1.7333333333333332,11.600000000000001,Microchip Technology,Information Technology,Semiconductors,1.0
AES,33.33333333333333,33.33333333333333,66.66666666666666,33.33333333333333,0.0,0.0,AES Corporation,Utilities,Independent Power Producers & Energy Traders,1.0
DOW,16.666666666666664,33.33333333333333,38.88888888888889,22.22222222222223,0.0,13.866666666666665,Dow Inc.,Materials,Commodity Chemicals,0.9916666666666666
TXN,11.11111111111111,33.33333333333333,55.55555555555556,44.44444444444444,0.5333333333333333,22.666666666666664,Texas Instruments,Information Technology,Semiconductors,1.0
FANG,25.0,31.25,62.5,37.5,6.266666666666667,4.8,Diamondback Energy,Energy,Oil & Gas Exploration & Production,0.975
KMB,23.076923076923077,30.76923076923077,50.0,26.923076923076923,0.33333333333333337,5.0,Kimberly-Clark,Consumer Staples,Household Products,1.0
WM,16.666666666666664,30.0,50.55555555555631,33.888888888889646,0.0,32.0,Waste Management,Industrials,Environmental & Facilities Services,1.0
BIIB,20.0,30.0,60.0,40.0,4.0,22.733333333333334,Biogen,Health Care,Biotechnology,0.9833333333333334
D,20.0,29.629629629629626,40.0,20.0,0.0,13.200000000000001,Dominion Energy,Utilities,Multi-Utilities,1.0
LNT,14.814814814814813,28.57142857142857,42.857142857142854,28.04232804232804,0.0,14.466666666666667,Alliant Energy,Utilities,Electric Utilities,1.0
L,28.57142857142857,28.57142857142857,33.33333333333333,4.761904761904759,0.13333333333333333,7.933333333333334,Loews Corporation,Financials,Multi-line Insurance,1.0
ES,14.285714285714285,28.57142857142857,64.28571428571429,50.00000000000001,0.0,36.13333333333333,Eversource Energy,Utilities,Electric Utilities,1.0
MLM,11.11111111111111,27.77777777777778,27.77777777777778,16.666666666666668,0.0,29.2,Martin Marietta Materials,Materials,Construction Materials,1.0
TSLA,25.0,25.0,75.0,50.0,3.2,0.0,"Tesla, Inc.",Consumer Discretionary,Automobile Manufacturers,0.9833333333333334
WMB,18.75,25.0,55.55555555555556,36.80555555555556,0.7333333333333333,22.666666666666664,Williams Companies,Energy,Oil & Gas Storage & Transportation,0.9003922111480253
TRGP,18.75,22.22222222222222,33.33333333333333,14.583333333333329,0.0,23.799999999999997,Targa Resources,Energy,Oil & Gas Storage & Transportation,1.0
TXT,12.5,22.22222222222222,37.5,25.0,0.13333333333333333,41.733333333333334,Textron,Industrials,Aerospace & Defense,1.0
APD,11.11111111111111,22.22222222222222,27.77777777777778,16.666666666666668,0.0,34.599999999999994,Air Products,Materials,Industrial Gases,0.9499999999999998
CMS,10.0,20.833333333333336,30.0,20.0,0.0,49.2,CMS Energy,Utilities,Multi-Utilities,1.0
ETR,11.11111111111111,20.833333333333336,30.76923076923077,19.65811965811966,0.0,48.86666666666667,Entergy,Utilities,Electric Utilities,0.9963014773216979
CF,11.11111111111111,16.666666666666664,55.55555555555556,44.44444444444444,0.6,53.6,CF Industries,Materials,Fertilizers & Agricultural Chemicals,1.0
BF-B,7.6923076923076925,15.384615384615385,23.076923076923077,15.384615384615383,0.0,89.73333333333333,Brown–Forman,Consumer Staples,Distillers & Vintners,1.0
VST,7.4074074074074066,14.285714285714285,57.14285714285714,49.735449735449734,0.0,58.666666666666664,Vistra Corp.,Utilities,Electric Utilities,0.9825874866233394
OXY,6.25,14.285714285714285,14.285714285714285,8.035714285714285,0.0,100.0,Occidental Petroleum,Energy,Oil & Gas Exploration & Production,0.9895271234701596
ARES,14.285714285714285,14.285714285714285,16.666666666666664,2.3809523809523796,0.0,92.06666666666666,Ares Management,Financials,Asset Management & Custody Banks,1.0
SRE,3.7037037037037033,12.5,44.44444444444444,40.74074074074074,0.0,71.93333333333334,Sempra,Utilities,Multi-Utilities,0.8586996336996338
ADI,9.090909090909092,11.11111111111111,27.27272727272727,18.18181818181818,0.13333333333333333,77.8,Analog Devices,Information Technology,Semiconductors,1.0
RSG,5.555555555555555,11.11111111111111,22.22222222222222,16.666666666666664,0.0,88.46666666666667,Republic Services,Industrials,Environmental & Facilities Services,1.0
KMI,6.25,11.11111111111111,12.5,6.25,0.0,96.86666666666667,Kinder Morgan,Energy,Oil & Gas Storage & Transportation,0.9997361022136806
PPG,5.555555555555555,11.11111111111111,27.77777777777778,22.22222222222222,0.0,80.80000000000001,PPG Industries,Materials,Specialty Chemicals,1.0
AMGN,10.0,10.0,20.0,10.0,0.0,92.2,Amgen,Health Care,Biotechnology,1.0
ITW,5.555555555555555,10.0,20.0,14.444444444444445,0.0,90.26666666666667,Illinois Tool Works,Industrials,Industrial Machinery & Supplies & Components,1.0
ADM,7.6923076923076925,7.6923076923076925,16.666666666666664,8.974358974358971,0.0,91.86666666666666,Archer Daniels Midland,Consumer Staples,Agricultural Products & Services,1.0
EVRG,3.7037037037037033,7.142857142857142,11.11111111111111,7.407407407407407,0.0,99.2,Evergy,Utilities,Electric Utilities,0.9899999999999999
IFF,5.555555555555555,5.555555555555555,22.22222222222222,16.666666666666664,0.0,83.66666666666667,International Flavors & Fragrances,Materials,Specialty Chemicals,1.0
