ticker,company,sector,fiscal_years,history_from,last_fy_end,balance_sheet_date,ocf_positive_years,ocf_covers_depreciation_years,cash_positive_now,worst_ocf_fall_pct_of_assets,worst_ocf_fall_fy_end,ocf_ttm_usd_bn,ocf_if_worst_year_repeats_usd_bn,cash_and_st_investments_usd_bn,cash_covers_shock_gap_x,interest_share_of_op_cash_pct,debt_due_12m_usd_bn,debt_due_to_cash_plus_ocf,info_cash_months_of_costs,info_labor_expense_ttm_usd_bn,score_cash_generation,score_shock_absorption,score_debt_service,viability_index,weakest_dimension,viability_level,notes
A,Agilent Technologies,Health Care,10,2016-10-31,2025-10-31,2026-07-31,10/10,10/10,yes,1.6,2025-10-31,1.61,1.38,1.76,,5.5,0.3,0.09,3.9,,1.0,1.0,1.0,100.0,cash_generation,viable,
AAPL,Apple Inc.,Information Technology,10,2016-09-24,2025-09-27,2026-06-27,10/10,10/10,yes,3.3,2023-09-30,146.72,134.11,62.4,,2.5,13.0,0.06,2.5,,1.0,1.0,1.0,100.0,cash_generation,viable,
ABBV,AbbVie,Health Care,10,2016-12-31,2025-12-31,2026-06-30,10/10,10/10,yes,3.0,2024-12-31,19.51,15.46,6.57,,13.3,8.34,0.32,1.7,,1.0,1.0,0.96,98.6,debt_service,viable,
ABNB,Airbnb,Consumer Discretionary,7,2019-12-31,2025-12-31,2026-06-30,6/7,6/7,yes,0.0,2021-12-31,4.86,4.86,12.07,,0.1,0.0,0.0,13.9,,0.87,1.0,1.0,95.4,cash_generation,viable,
ABT,Abbott Laboratories,Health Care,10,2016-12-31,2025-12-31,2026-03-31,10/10,10/10,yes,3.1,2023-12-31,9.46,6.02,7.29,,5.4,4.41,0.26,2.4,,1.0,1.0,1.0,100.0,cash_generation,viable,
ACGL,Arch Capital Group,Financials,10,2016-12-31,2025-12-31,,,,,,,,,,,,,,,,,,,,,not assessable,Financials sector excluded by this model; sector-specific measures are needed
ACN,Accenture,Information Technology,10,2016-08-31,2025-08-31,2026-05-31,10/10,10/10,yes,0.8,2024-08-31,13.18,12.65,10.17,,1.9,0.11,0.0,2.0,,1.0,1.0,1.0,100.0,cash_generation,viable,
ADBE,Adobe Inc.,Information Technology,10,2016-12-02,2025-11-28,2026-05-29,10/10,10/10,yes,2.0,2023-12-01,10.48,9.89,5.63,,2.4,1.84,0.11,4.4,,1.0,1.0,1.0,100.0,cash_generation,viable,
ADI,Analog Devices,Information Technology,10,2016-10-29,2025-11-01,2026-08-01,10/10,10/10,yes,2.0,2024-11-02,5.55,4.59,2.32,,4.4,2.35,0.3,3.3,,1.0,1.0,1.0,100.0,cash_generation,viable,
ADM,Archer Daniels Midland,Consumer Staples,10,2016-12-31,2025-12-31,2026-06-30,5/10,5/10,yes,5.6,2022-12-31,2.79,-0.18,1.06,5.98,18.4,1.56,0.4,,,0.33,1.0,0.9,66.8,cash_generation,strained,
ADP,Automatic Data Processing,Industrials,10,2017-06-30,2026-06-30,2026-06-30,10/10,10/10,yes,0.1,2024-06-30,5.44,5.38,4.23,,7.5,0.0,0.0,3.2,,1.0,1.0,1.0,100.0,cash_generation,viable,
ADSK,Autodesk,Information Technology,10,2017-01-31,2026-01-31,2026-07-31,10/10,9/10,yes,8.0,2024-01-31,2.9,1.85,4.16,,2.6,1.49,0.21,9.0,,1.0,1.0,1.0,100.0,cash_generation,viable,
AEE,Ameren,Utilities,10,2016-12-31,2025-12-31,2026-06-30,10/10,10/10,yes,1.5,2020-12-31,3.25,2.47,0.01,,18.8,2.74,0.84,0.0,,1.0,1.0,0.72,89.6,debt_service,viable,
AEP,American Electric Power,Utilities,10,2016-12-31,2025-12-31,2026-03-31,10/10,10/10,yes,1.4,2019-12-31,7.01,5.38,0.52,,22.1,4.91,0.65,0.5,,1.0,1.0,0.77,91.7,debt_service,viable,
AES,AES Corporation,Utilities,10,2016-12-31,2025-12-31,2026-06-30,10/10,10/10,yes,2.5,2021-12-31,5.03,3.69,1.85,,19.7,,,,,1.0,1.0,0.76,91.2,debt_service,viable,
AFL,Aflac,Financials,10,2016-12-31,2025-12-31,,,,,,,,,,,,,,,,,,,,,not assessable,Financials sector excluded by this model; sector-specific measures are needed
AIG,American International Group,Financials,10,2016-12-31,2025-12-31,,,,,,,,,,,,,,,,,,,,,not assessable,Financials sector excluded by this model; sector-specific measures are needed
AIZ,Assurant,Financials,10,2016-12-31,2025-12-31,,,,,,,,,,,,,,,,,,,,,not assessable,Financials sector excluded by this model; sector-specific measures are needed
AJG,Arthur J. Gallagher & Co.,Financials,10,2016-12-31,2025-12-31,,,,,,,,,,,,,,,,,,,,,not assessable,Financials sector excluded by this model; sector-specific measures are needed
AKAM,Akamai Technologies,Information Technology,10,2016-12-31,2025-12-31,2026-06-30,10/10,10/10,yes,1.6,2017-12-31,1.45,1.2,3.36,,1.6,,,12.8,,1.0,1.0,1.0,100.0,cash_generation,viable,
ALB,Albemarle Corporation,Materials,10,2015-12-31,2025-12-31,2026-06-30,10/10,9/9,yes,5.3,2017-12-31,1.8,0.96,1.63,,9.1,0.07,0.02,3.9,,1.0,1.0,1.0,100.0,cash_generation,viable,
ALGN,Align Technology,Health Care,10,2016-12-31,2025-12-31,2026-06-30,10/10,10/10,yes,10.2,2022-12-31,0.76,0.1,1.1,,0.0,,,4.0,,1.0,1.0,1.0,100.0,cash_generation,viable,
ALL,Allstate,Financials,10,2016-12-31,2025-12-31,,,,,,,,,,,,,,,,,,,,,not assessable,Financials sector excluded by this model; sector-specific measures are needed
ALLE,Allegion,Industrials,10,2016-12-31,2025-12-31,2026-06-30,10/10,10/10,yes,1.3,2017-12-31,0.77,0.7,0.32,,11.3,0.0,0.0,1.2,,1.0,1.0,0.98,99.5,debt_service,viable,
AMAT,Applied Materials,Information Technology,10,2016-10-30,2025-10-26,2026-07-26,10/10,10/10,yes,3.1,2019-10-27,8.4,7.06,9.23,,3.0,2.5,0.14,5.2,,1.0,1.0,1.0,100.0,cash_generation,viable,
AMCR,Amcor,Materials,8,2017-06-30,2026-06-30,2026-06-30,8/8,8/8,yes,1.1,2019-06-30,2.15,1.76,1.11,,22.1,0.15,0.05,0.7,,1.0,1.0,0.85,94.7,debt_service,viable,
AMD,Advanced Micro Devices,Information Technology,10,2016-12-31,2025-12-27,2026-06-27,10/10,7/10,yes,2.8,2023-12-30,10.08,7.71,13.11,,0.9,0.88,0.04,4.6,,0.83,1.0,1.0,94.1,cash_generation,viable,
AME,Ametek,Industrials,10,2016-12-31,2025-12-31,2026-06-30,10/10,10/10,yes,1.2,2021-12-31,1.96,1.77,0.5,,3.8,0.98,0.4,1.1,,1.0,1.0,1.0,100.0,cash_generation,viable,
AMGN,Amgen,Health Care,10,2016-12-31,2025-12-31,2026-06-30,10/10,10/10,yes,3.2,2019-12-31,12.48,9.39,13.99,,18.9,5.45,0.21,7.6,,1.0,1.0,0.89,96.2,debt_service,viable,
AMP,Ameriprise Financial,Financials,10,2016-12-31,2025-12-31,,,,,,,,,,,,,,,,,,,,,not assessable,Financials sector excluded by this model; sector-specific measures are needed
AMT,American Tower,Real Estate,10,2016-12-31,2025-12-31,2026-06-30,10/10,10/10,yes,1.6,2022-12-31,5.77,4.76,1.76,,19.4,5.23,0.69,5.3,,1.0,1.0,0.79,92.3,debt_service,viable,
AMZN,Amazon,Consumer Discretionary,10,2016-12-31,2025-12-31,2026-06-30,10/10,10/10,yes,6.1,2021-12-31,161.4,94.07,122.99,,0.2,3.65,0.01,2.4,,1.0,1.0,1.0,100.0,cash_generation,viable,
ANET,Arista Networks,Information Technology,10,2016-12-31,2025-12-31,2026-06-30,10/10,10/10,yes,9.1,2022-12-31,5.31,3.14,13.34,,,,,27.1,,1.0,1.0,,100.0,cash_generation,viable,missing: debt_service
AON,Aon plc,Financials,10,2016-12-31,2025-12-31,,,,,,,,,,,,,,,,,,,,,not assessable,Financials sector excluded by this model; sector-specific measures are needed
AOS,A. O. Smith,Industrials,10,2016-12-31,2025-12-31,2026-06-30,10/10,10/10,yes,7.2,2022-12-31,0.69,0.43,0.18,,1.9,0.04,0.05,0.7,,1.0,1.0,1.0,100.0,cash_generation,viable,
APA,APA Corporation,Energy,7,2019-12-31,2025-12-31,2026-06-30,7/7,6/7,yes,13.8,2023-12-31,4.53,2.05,0.44,,5.1,0.0,0.0,,,0.96,1.0,1.0,98.8,cash_generation,viable,
APD,Air Products,Materials,10,2016-09-30,2025-09-30,2026-06-30,10/10,10/10,yes,1.0,2025-09-30,4.44,4.04,0.98,,4.1,0.9,0.17,1.0,,1.0,1.0,1.0,100.0,cash_generation,viable,
APH,Amphenol,Information Technology,10,2016-12-31,2025-12-31,2026-06-30,10/10,10/10,yes,0.4,2021-12-31,5.87,5.68,5.42,,8.2,1.63,0.14,3.3,,1.0,1.0,1.0,100.0,cash_generation,viable,
APO,Apollo Global Management,Financials,6,2020-12-31,2025-12-31,,,,,,,,,,,,,,,,,,,,,not assessable,Financials sector excluded by this model; sector-specific measures are needed
APP,AppLovin,Communication Services,7,2019-12-31,2025-12-31,2026-06-30,7/7,4/7,yes,0.0,2021-12-31,4.53,4.53,3.05,,4.2,,,26.0,,0.73,1.0,1.0,89.9,cash_generation,viable,
APTV,Aptiv,Consumer Discretionary,10,2016-12-31,2025-12-31,2026-06-30,10/10,10/10,yes,3.8,2017-12-31,1.35,0.66,0.76,,20.8,0.05,0.02,0.5,,1.0,1.0,0.87,95.3,debt_service,viable,
ARE,Alexandria Real Estate Equities,Real Estate,10,2016-12-31,2025-12-31,2026-06-30,10/10,10/10,yes,0.3,2024-12-31,1.28,1.16,0.47,,15.9,0.0,0.0,1.6,,1.0,1.0,0.93,97.5,debt_service,viable,
ARES,Ares Management,Financials,10,2016-12-31,2025-12-31,,,,,,,,,,,,,,,,,,,,,not assessable,Financials sector excluded by this model; sector-specific measures are needed
ATO,Atmos Energy,Utilities,10,2016-09-30,2025-09-30,2026-06-30,9/10,9/10,yes,13.8,2021-09-30,2.02,-2.34,0.52,0.22,7.1,0.5,0.2,2.7,,0.93,0.0,1.0,26.5,shock_absorption,at risk,
AVGO,Broadcom,Information Technology,10,2016-10-30,2025-11-02,2026-08-02,10/10,10/10,yes,0.0,2018-11-04,40.65,40.65,23.98,,6.2,2.25,0.03,6.3,,1.0,1.0,1.0,100.0,cash_generation,viable,
AVY,Avery Dennison,Materials,10,2016-12-31,2025-12-31,2026-06-30,10/10,10/10,yes,3.7,2018-12-29,1.23,0.9,0.23,,9.6,0.5,0.34,,,1.0,1.0,1.0,100.0,cash_generation,viable,
AWK,American Water Works,Utilities,10,2016-12-31,2025-12-31,2026-06-30,10/10,10/10,yes,1.3,2022-12-31,2.33,1.87,0.19,,19.6,1.95,0.77,1.0,,1.0,1.0,0.75,90.7,debt_service,viable,
AXON,Axon Enterprise,Industrials,10,2016-12-31,2025-12-31,2026-06-30,10/10,10/10,yes,4.4,2025-12-31,0.27,-0.06,0.67,10.6,29.3,0.0,0.0,2.6,,1.0,1.0,0.76,91.2,debt_service,viable,
AXP,American Express,Financials,10,2016-12-31,2025-12-31,,,,,,,,,,,,,,,,,,,,,not assessable,Financials sector excluded by this model; sector-specific measures are needed
AZO,AutoZone,Consumer Discretionary,10,2016-08-27,2025-08-30,2026-05-09,10/10,10/10,yes,2.1,2022-08-27,3.07,2.63,0.25,,11.9,1.6,0.48,0.2,,1.0,1.0,0.98,99.2,debt_service,viable,
BA,Boeing,Industrials,10,2016-12-31,2025-12-31,2026-06-30,6/10,5/10,partly,15.1,2019-12-31,3.64,-21.47,20.02,0.93,42.0,4.57,0.19,2.8,,0.23,0.91,0.6,50.3,cash_generation,at risk,
BAC,Bank of America,Financials,10,2016-12-31,2025-12-31,,,,,,,,,,,,,,,,,,,,,not assessable,Financials sector excluded by this model; sector-specific measures are needed
BALL,Ball Corporation,Materials,10,2016-12-31,2025-12-31,2026-06-30,10/10,7/10,yes,9.1,2024-12-31,1.43,-0.4,0.49,1.24,18.2,0.69,0.36,0.5,,0.83,1.0,0.9,90.8,cash_generation,viable,
BAX,Baxter International,Health Care,10,2016-12-31,2025-12-31,2026-06-30,10/10,9/10,yes,3.0,2022-12-31,1.32,0.72,2.15,,18.7,0.84,0.24,2.4,,1.0,1.0,0.89,96.2,debt_service,viable,
BBY,Best Buy,Consumer Discretionary,10,2017-01-28,2026-01-31,2026-08-01,10/10,10/10,yes,8.8,2022-01-29,2.48,1.06,2.25,,1.7,0.01,0.0,0.7,,1.0,1.0,1.0,100.0,cash_generation,viable,
BDX,Becton Dickinson,Health Care,10,2016-09-30,2025-09-30,2026-06-30,10/10,10/10,yes,4.0,2022-09-30,3.96,1.91,0.71,,13.7,3.3,0.71,0.5,,1.0,1.0,0.85,94.7,debt_service,viable,
BEN,Franklin Resources,Financials,10,2016-09-30,2025-09-30,,,,,,,,,,,,,,,,,,,,,not assessable,Financials sector excluded by this model; sector-specific measures are needed
BF-B,Brown–Forman,Consumer Staples,10,2017-04-30,2026-04-30,2026-07-31,10/10,10/10,yes,4.6,2023-04-30,1.01,0.65,0.3,,9.1,0.36,0.27,0.9,,1.0,1.0,1.0,100.0,cash_generation,viable,
BG,Bunge Global,Consumer Staples,5,2021-12-31,2025-12-31,2026-03-31,3/5,3/5,yes,11.1,2022-12-31,0.59,-4.72,1.6,0.34,52.0,4.61,2.11,,,0.48,0.12,0.0,10.5,debt_service,at risk,
BIIB,Biogen,Health Care,10,2016-12-31,2025-12-31,2026-03-31,10/10,10/10,yes,10.5,2020-12-31,2.59,-0.49,4.28,8.68,9.3,0.0,0.0,7.7,,1.0,1.0,1.0,100.0,cash_generation,viable,
BKNG,Booking Holdings,Consumer Discretionary,10,2016-12-31,2025-12-31,2026-06-30,10/10,9/10,yes,22.3,2020-12-31,9.86,3.23,17.21,,10.2,2.0,0.07,11.2,3.61,1.0,1.0,1.0,99.9,debt_service,viable,
BKR,Baker Hughes,Energy,10,2016-12-31,2025-12-31,2026-06-30,9/10,7/10,yes,4.9,2017-12-31,4.44,1.84,15.73,,7.9,0.77,0.04,8.1,,0.77,1.0,1.0,91.5,cash_generation,viable,
BLDR,Builders FirstSource,Industrials,10,2016-12-31,2025-12-31,2026-06-30,10/10,10/10,yes,12.2,2023-12-31,0.9,-0.48,0.07,0.14,23.9,0.01,0.01,0.1,2.2,1.0,0.0,0.83,25.5,shock_absorption,at risk,
BLK,BlackRock,Financials,4,2022-12-31,2025-12-31,,,,,,,,,,,,,,,,,,,,,not assessable,Financials sector excluded by this model; sector-specific measures are needed
BMY,Bristol Myers Squibb,Health Care,10,2016-12-31,2025-12-31,2026-06-30,10/10,10/10,yes,2.9,2022-12-31,12.78,10.26,11.07,,12.9,1.03,0.04,3.3,,1.0,1.0,0.96,98.8,debt_service,viable,
BNY,BNY Mellon,Financials,10,2016-12-31,2025-12-31,,,,,,,,,,,,,,,,,,,,,not assessable,Financials sector excluded by this model; sector-specific measures are needed
BR,Broadridge Financial Solutions,Industrials,10,2017-06-30,2026-06-30,2026-06-30,10/10,10/10,yes,2.4,2022-06-30,1.35,1.13,0.4,,7.1,0.0,0.0,0.8,,1.0,1.0,1.0,100.0,cash_generation,viable,
BRK-B,Berkshire Hathaway,Financials,10,2016-12-31,2025-12-31,,,,,,,,,,,,,,,,,,,,,not assessable,Financials sector excluded by this model; sector-specific measures are needed
BRO,Brown & Brown,Financials,10,2016-12-31,2025-12-31,,,,,,,,,,,,,,,,,,,,,not assessable,Financials sector excluded by this model; sector-specific measures are needed
BSX,Boston Scientific,Health Care,10,2016-12-31,2025-12-31,2026-06-30,10/10,9/10,yes,5.9,2018-12-31,4.53,1.88,0.54,,6.6,1.71,0.34,0.4,,1.0,1.0,1.0,100.0,cash_generation,viable,
BX,Blackstone Inc.,Financials,10,2016-12-31,2025-12-31,,,,,,,,,,,,,,,,,,,,,not assessable,Financials sector excluded by this model; sector-specific measures are needed
BXP,"BXP, Inc.",Real Estate,10,2016-12-31,2025-12-31,2026-06-30,10/10,10/10,yes,0.7,2017-12-31,1.28,1.12,0.49,,34.2,0.75,0.42,3.5,,1.0,1.0,0.7,88.7,debt_service,viable,
C,Citigroup,Financials,10,2016-12-31,2025-12-31,,,,,,,,,,,,,,,,,,,,,not assessable,Financials sector excluded by this model; sector-specific measures are needed
CAH,Cardinal Health,Health Care,10,2017-06-30,2026-06-30,2026-06-30,10/10,10/10,yes,3.0,2025-06-30,5.17,3.44,4.86,,7.3,1.88,0.19,0.2,,1.0,1.0,1.0,100.0,cash_generation,viable,
CARR,Carrier Global,Industrials,8,2018-12-31,2025-12-31,2026-03-31,8/8,7/8,yes,6.2,2024-12-31,2.11,-0.21,1.37,6.63,16.7,1.74,0.5,0.9,,0.98,1.0,0.92,96.5,debt_service,viable,
CASY,Casey's,Consumer Staples,10,2017-04-30,2026-04-30,2026-07-31,10/10,10/10,yes,1.3,2018-04-30,1.39,1.27,0.52,,7.1,0.1,0.05,,,1.0,1.0,1.0,100.0,cash_generation,viable,
CAT,Caterpillar Inc.,Industrials,10,2016-12-31,2025-12-31,2026-06-30,10/10,10/10,yes,1.0,2024-12-31,13.57,12.57,6.71,,12.0,7.12,0.35,1.4,,1.0,1.0,0.98,99.2,debt_service,viable,
CB,Chubb Limited,Financials,10,2016-12-31,2025-12-31,,,,,,,,,,,,,,,,,,,,,not assessable,Financials sector excluded by this model; sector-specific measures are needed
CBOE,Cboe Global Markets,Financials,10,2016-12-31,2025-12-31,,,,,,,,,,,,,,,,,,,,,not assessable,Financials sector excluded by this model; sector-specific measures are needed
CBRE,CBRE Group,Real Estate,10,2016-12-31,2025-12-31,2026-06-30,10/10,9/10,yes,5.6,2023-12-31,1.36,-0.35,1.49,4.31,24.6,2.36,0.83,0.4,,1.0,1.0,0.65,86.8,debt_service,viable,
CCI,Crown Castle,Real Estate,10,2016-12-31,2025-12-31,2026-06-30,10/10,10/10,yes,0.7,2021-12-31,2.62,2.48,1.04,,26.6,2.26,0.62,8.4,,1.0,1.0,0.73,90.2,debt_service,viable,
CCL,Carnival Corporation,Consumer Discretionary,10,2016-11-30,2025-11-30,2026-05-31,7/10,7/10,yes,26.1,2020-11-30,6.79,-6.86,2.24,0.33,15.0,1.47,0.16,1.3,,0.63,0.1,0.94,39.4,shock_absorption,at risk,
CDNS,Cadence Design Systems,Information Technology,10,2016-12-31,2025-12-31,2026-03-31,10/10,10/10,yes,1.6,2024-12-31,1.6,1.41,1.41,,6.6,,,4.6,,1.0,1.0,1.0,100.0,cash_generation,viable,
CDW,CDW Corporation,Information Technology,10,2016-12-31,2025-12-31,2026-06-30,10/10,10/10,yes,5.7,2021-12-31,0.98,0.0,0.36,,19.0,1.01,0.75,0.2,,1.0,1.0,0.76,91.3,debt_service,viable,
CEG,Constellation Energy,Utilities,6,2020-12-31,2025-12-31,2026-06-30,2/6,1/6,partly,6.3,2023-12-31,4.21,-1.97,0.7,0.35,8.9,5.59,1.14,0.4,,0.17,0.14,0.68,25.1,shock_absorption,at risk,
CF,CF Industries,Materials,10,2016-12-31,2025-12-31,2026-06-30,10/10,9/10,yes,8.2,2023-12-31,2.98,1.73,2.48,,4.4,,,8.1,,1.0,1.0,1.0,100.0,cash_generation,viable,
CFG,Citizens Financial Group,Financials,10,2016-12-31,2025-12-31,,,,,,,,,,,,,,,,,,,,,not assessable,Financials sector excluded by this model; sector-specific measures are needed
CHD,Church & Dwight,Consumer Staples,10,2016-12-31,2025-12-31,2026-06-30,10/10,10/10,yes,1.4,2022-12-31,1.26,1.14,0.25,,7.1,0.1,0.07,0.6,,1.0,1.0,1.0,100.0,cash_generation,viable,
CHRW,C.H. Robinson,Industrials,10,2016-12-31,2025-12-31,2026-06-30,10/10,10/10,yes,15.4,2023-12-31,0.69,-0.22,0.15,0.72,8.4,,,0.1,1.38,1.0,0.62,1.0,85.4,shock_absorption,viable,
CHTR,Charter Communications,Communication Services,10,2016-12-31,2025-12-31,2026-06-30,10/10,10/10,yes,0.9,2022-12-31,16.47,15.03,0.51,,23.5,1.0,0.06,0.2,,1.0,1.0,0.83,94.0,debt_service,viable,
CI,Cigna,Health Care,10,2016-12-31,2025-12-31,2026-06-30,10/10,10/10,yes,2.0,2021-12-31,10.28,7.08,7.26,,11.6,2.79,0.16,0.3,,1.0,1.0,0.98,99.3,debt_service,viable,
CIEN,Ciena,Information Technology,10,2016-10-31,2025-11-01,2026-08-01,9/10,9/10,yes,14.6,2022-10-29,1.05,-0.11,2.63,23.61,6.7,0.0,0.0,6.1,,0.93,1.0,1.0,97.7,cash_generation,viable,
CINF,Cincinnati Financial,Financials,10,2016-12-31,2025-12-31,,,,,,,,,,,,,,,,,,,,,not assessable,Financials sector excluded by this model; sector-specific measures are needed
CL,Colgate-Palmolive,Consumer Staples,10,2016-12-31,2025-12-31,2026-06-30,10/10,10/10,yes,5.1,2022-12-31,4.46,3.6,1.37,,5.5,1.11,0.19,1.0,,1.0,1.0,1.0,100.0,cash_generation,viable,
CLX,Clorox,Consumer Staples,10,2016-06-30,2025-06-30,2026-03-31,10/10,10/10,yes,7.8,2024-06-30,0.58,0.07,1.19,,14.4,1.59,0.9,,,1.0,1.0,0.74,90.6,debt_service,viable,
CMCSA,Comcast,Communication Services,10,2016-12-31,2025-12-31,2026-06-30,10/10,10/10,yes,1.0,2022-12-31,32.52,29.97,7.68,,10.7,6.12,0.15,1.0,,1.0,1.0,0.99,99.7,debt_service,viable,
CME,CME Group,Financials,10,2016-12-31,2025-12-31,,,,,,,,,,,,,,,,,,,,,not assessable,Financials sector excluded by this model; sector-specific measures are needed
CMG,Chipotle Mexican Grill,Consumer Discretionary,10,2016-12-31,2025-12-31,2026-06-30,10/10,10/10,yes,1.1,2020-12-31,2.33,2.23,0.68,,,,,0.8,,1.0,1.0,,100.0,cash_generation,viable,missing: debt_service
CMI,Cummins,Industrials,10,2016-12-31,2025-12-31,2026-06-30,10/10,10/10,yes,7.7,2024-12-31,4.65,1.89,3.92,,6.2,0.5,0.06,1.5,,1.0,1.0,1.0,100.0,cash_generation,viable,
CMS,CMS Energy,Utilities,10,2016-12-31,2025-12-31,2026-06-30,10/10,9/10,yes,3.4,2022-12-31,2.15,0.78,0.24,,25.6,0.86,0.36,0.5,,1.0,1.0,0.8,93.0,debt_service,viable,
CNC,Centene Corporation,Health Care,10,2016-12-31,2025-12-31,2026-06-30,10/10,9/10,yes,9.3,2024-12-31,9.75,2.0,27.06,,6.1,0.07,0.0,1.6,,1.0,1.0,1.0,100.0,cash_generation,viable,
CNP,CenterPoint Energy,Utilities,10,2016-12-31,2025-12-31,2026-03-31,10/10,9/10,yes,5.9,2021-12-31,2.36,-0.46,1.19,2.59,35.0,0.0,0.0,2.5,,1.0,1.0,0.69,88.3,debt_service,viable,
COF,Capital One,Financials,10,2016-12-31,2025-12-31,,,,,,,,,,,,,,,,,,,,,not assessable,Financials sector excluded by this model; sector-specific measures are needed
COHR,Coherent Corp.,Information Technology,10,2017-06-30,2026-06-30,2026-06-30,10/10,7/10,yes,3.7,2026-06-30,0.08,-0.6,1.99,3.31,70.4,0.01,0.0,3.7,,0.83,1.0,0.5,74.7,debt_service,strained,
COIN,Coinbase,Financials,7,2019-12-31,2025-12-31,,,,,,,,,,,,,,,,,,,,,not assessable,Financials sector excluded by this model; sector-specific measures are needed
COO,Cooper Companies (The),Health Care,10,2016-10-31,2025-10-31,2026-07-31,10/10,10/10,yes,3.6,2020-10-31,1.03,0.58,0.15,,10.0,0.63,0.53,0.6,,1.0,1.0,0.99,99.5,debt_service,viable,
COP,ConocoPhillips,Energy,10,2016-12-31,2025-12-31,2026-06-30,10/10,8/10,yes,8.9,2020-12-31,21.93,10.82,7.69,,3.5,0.46,0.02,,,0.92,1.0,1.0,97.1,cash_generation,viable,
COR,Cencora,Health Care,10,2016-09-30,2025-09-30,2026-06-30,10/10,10/10,yes,5.0,2017-09-30,4.82,0.65,2.82,,6.9,0.28,0.04,0.1,,1.0,1.0,1.0,100.0,cash_generation,viable,
COST,Costco,Consumer Staples,10,2016-08-28,2025-08-31,2026-05-10,10/10,10/10,yes,2.6,2022-08-28,15.0,12.72,20.0,,0.7,0.0,0.0,0.9,,1.0,1.0,1.0,100.0,cash_generation,viable,
CPAY,Corpay,Financials,10,2016-12-31,2025-12-31,,,,,,,,,,,,,,,,,,,,,not assessable,Financials sector excluded by this model; sector-specific measures are needed
CPRT,Copart,Industrials,10,2016-07-31,2025-07-31,2026-04-30,10/10,10/10,yes,0.0,2017-07-31,1.69,1.69,3.35,,0.1,,,14.8,,1.0,1.0,1.0,100.0,cash_generation,viable,
CPT,Camden Property Trust,Real Estate,10,2016-12-31,2025-12-31,2026-06-30,10/10,10/10,yes,0.5,2020-12-31,0.81,0.76,0.04,,14.5,1.75,2.06,,,1.0,1.0,0.44,76.3,debt_service,strained,
CRH,CRH plc,Materials,8,2018-12-31,2025-12-31,2026-06-30,8/8,5/5,yes,0.1,2024-12-31,5.42,5.38,3.02,,13.0,2.52,0.3,1.2,,1.0,1.0,0.96,98.7,debt_service,viable,
CRL,Charles River Laboratories,Health Care,10,2016-12-31,2025-12-27,2026-06-27,10/10,10/10,yes,2.0,2022-12-31,0.58,0.43,0.19,,14.6,0.01,0.01,0.6,,1.0,1.0,0.94,98.0,debt_service,viable,
CRM,Salesforce,Information Technology,10,2017-01-31,2026-01-31,2026-07-31,10/10,10/10,yes,0.0,2018-01-31,15.75,15.75,11.4,,2.5,0.0,0.0,4.4,,1.0,1.0,1.0,100.0,cash_generation,viable,
CRWD,CrowdStrike,Information Technology,9,2018-01-31,2026-01-31,2026-07-31,7/9,,yes,0.0,2020-01-31,2.02,2.02,5.01,,1.1,,,11.1,,0.78,1.0,1.0,92.0,cash_generation,viable,
CSCO,Cisco,Information Technology,10,2017-07-29,2026-07-25,2026-07-25,10/10,10/10,yes,8.8,2024-07-27,14.18,2.71,15.92,,9.2,10.16,0.34,4.0,,1.0,1.0,1.0,100.0,cash_generation,viable,
CSGP,CoStar Group,Real Estate,10,2016-12-31,2025-12-31,2026-06-30,10/10,10/10,yes,1.1,2024-12-31,0.5,0.39,1.27,,7.3,0.0,0.0,4.8,1.63,1.0,1.0,1.0,100.0,cash_generation,viable,
CSX,CSX Corporation,Industrials,10,2016-12-30,2025-12-31,2026-06-30,10/10,10/10,yes,1.5,2020-12-31,5.32,4.64,1.39,,14.1,1.7,0.25,2.1,3.29,1.0,1.0,0.95,98.3,debt_service,viable,
CTAS,Cintas,Industrials,10,2017-05-31,2026-05-31,2026-05-31,10/10,10/10,yes,0.0,2018-05-31,2.28,2.28,0.29,,4.5,1.0,0.39,0.4,,1.0,1.0,1.0,100.0,cash_generation,viable,
CTSH,Cognizant,Information Technology,10,2016-12-31,2025-12-31,2026-03-31,10/10,10/10,yes,4.8,2021-12-31,2.76,1.78,1.52,,1.3,0.03,0.01,1.0,,1.0,1.0,1.0,100.0,cash_generation,viable,
CTVA,Corteva,Materials,8,2018-12-31,2025-12-31,2026-06-30,8/8,5/8,yes,4.4,2022-12-31,1.21,-0.61,2.37,3.86,13.6,3.19,0.89,,,0.77,1.0,0.76,83.6,debt_service,viable,
CVNA,Carvana,Consumer Discretionary,10,2016-12-31,2025-12-31,2026-06-30,3/10,,yes,65.4,2021-12-31,1.12,-8.4,2.63,0.31,26.1,0.32,0.09,1.4,,0.5,0.08,0.8,32.3,shock_absorption,at risk,
CVS,CVS Health,Health Care,10,2016-12-31,2025-12-31,2026-06-30,10/10,10/10,yes,2.3,2017-12-31,14.78,9.05,13.96,,17.1,1.96,0.07,0.4,,1.0,1.0,0.91,96.9,debt_service,viable,
CVX,Chevron Corporation,Energy,10,2016-12-31,2025-12-31,2026-06-30,10/10,7/10,yes,7.0,2020-12-31,45.32,22.05,9.58,,2.7,2.75,0.05,0.7,,0.83,1.0,1.0,94.1,cash_generation,viable,
D,Dominion Energy,Utilities,10,2016-12-31,2025-12-31,2026-03-31,10/10,10/10,yes,1.4,2024-12-31,5.06,3.37,0.35,,26.2,6.66,1.23,0.4,,1.0,1.0,0.43,75.6,debt_service,strained,
DAL,Delta Air Lines,Industrials,10,2016-12-31,2025-12-31,2026-06-30,9/10,9/10,yes,18.9,2020-12-31,8.13,-8.21,4.67,0.57,9.5,2.8,0.22,0.9,18.34,0.93,0.42,1.0,73.4,shock_absorption,strained,
DASH,DoorDash,Consumer Discretionary,8,2018-12-31,2025-12-31,2026-06-30,6/8,5/8,yes,4.8,2022-12-31,2.83,1.9,5.35,,0.0,,,4.5,,0.6,1.0,1.0,84.5,cash_generation,viable,
DD,DuPont,Industrials,10,2016-12-31,2025-12-31,2026-06-30,8/10,5/10,yes,3.7,2022-12-31,1.04,0.26,1.74,,32.2,0.0,0.0,,,0.53,1.0,0.72,72.8,cash_generation,strained,
DDOG,Datadog,Information Technology,9,2017-12-31,2025-12-31,2026-06-30,9/9,9/9,yes,0.0,2019-12-31,1.23,1.23,4.99,,,,,15.4,,1.0,1.0,,100.0,cash_generation,viable,missing: debt_service
DE,Deere & Company,Industrials,10,2016-10-31,2025-11-02,2026-08-02,10/10,9/10,yes,3.6,2022-10-30,7.25,3.37,8.93,,29.8,17.11,1.06,2.9,,1.0,1.0,0.47,77.9,debt_service,strained,
DECK,Deckers Brands,Consumer Discretionary,10,2017-03-31,2026-03-31,2026-06-30,10/10,10/10,yes,19.6,2022-03-31,1.19,0.44,1.6,,0.3,,,4.6,0.32,1.0,1.0,1.0,100.0,cash_generation,viable,
DELL,Dell Technologies,Information Technology,10,2017-02-03,2026-01-30,2026-07-31,10/10,7/10,yes,7.3,2023-02-03,12.15,2.89,11.57,,10.0,8.48,0.36,1.0,,0.83,1.0,1.0,94.1,cash_generation,viable,
DG,Dollar General,Consumer Staples,10,2017-02-03,2026-01-30,2026-07-31,10/10,10/10,yes,3.9,2022-01-28,3.32,2.06,1.59,,8.1,0.01,0.0,0.5,,1.0,1.0,1.0,100.0,cash_generation,viable,
DGX,Quest Diagnostics,Health Care,10,2016-12-31,2025-12-31,2026-06-30,10/10,10/10,yes,3.8,2022-12-31,1.9,1.26,0.63,,12.2,0.01,0.0,0.8,,1.0,1.0,0.97,99.1,debt_service,viable,
DHI,D. R. Horton,Consumer Discretionary,10,2016-09-30,2025-09-30,2026-06-30,10/10,10/10,yes,6.5,2024-09-30,3.35,0.98,2.08,,0.0,1.6,0.29,,,1.0,1.0,1.0,100.0,cash_generation,viable,
DHR,Danaher Corporation,Health Care,10,2016-12-31,2025-12-31,2026-06-26,10/10,10/10,yes,1.6,2023-12-31,6.63,5.15,4.35,,4.6,1.41,0.13,2.7,,1.0,1.0,1.0,100.0,cash_generation,viable,
DIS,Walt Disney Company (The),Communication Services,10,2016-10-01,2025-09-27,2026-06-27,10/10,10/10,yes,8.4,2019-09-28,16.99,-0.27,5.18,19.28,10.8,8.63,0.39,0.8,,1.0,1.0,0.99,99.7,debt_service,viable,
DLR,Digital Realty,Real Estate,10,2016-12-31,2025-12-31,2026-03-31,10/10,9/10,yes,0.1,2022-12-31,2.55,2.49,2.43,,13.1,,,8.0,,1.0,1.0,0.92,97.4,debt_service,viable,
DLTR,Dollar Tree,Consumer Staples,10,2017-01-28,2026-01-31,2026-08-01,10/10,10/10,yes,6.2,2022-01-29,3.12,2.25,1.06,,3.3,0.0,0.0,0.7,,1.0,1.0,1.0,100.0,cash_generation,viable,
DOC,Healthpeak Properties,Real Estate,10,2016-12-31,2025-12-31,2026-06-30,10/10,10/10,yes,2.3,2017-12-31,1.23,0.73,1.63,,19.2,1.35,0.47,11.5,,1.0,1.0,0.88,96.0,debt_service,viable,
DOV,Dover Corporation,Industrials,10,2016-12-31,2025-12-31,2026-06-30,10/10,10/10,yes,3.0,2022-12-31,1.4,0.99,1.76,,6.9,1.36,0.43,3.2,,1.0,1.0,1.0,100.0,cash_generation,viable,
DOW,Dow Inc.,Materials,10,2016-12-31,2025-12-31,2026-03-31,8/10,7/10,yes,3.9,2024-12-31,2.06,-0.29,4.11,14.25,31.5,0.79,0.13,,,0.7,1.0,0.73,80.0,cash_generation,viable,
DPZ,Domino's,Consumer Discretionary,10,2017-01-01,2025-12-28,2026-06-14,10/10,10/10,yes,10.7,2023-01-01,0.78,0.59,0.16,,19.2,0.01,0.01,0.5,,1.0,1.0,0.88,96.0,debt_service,viable,
DRI,Darden Restaurants,Consumer Discretionary,10,2017-05-28,2026-05-31,2026-05-31,10/10,10/10,yes,9.3,2020-05-31,1.85,0.65,0.22,,9.2,0.69,0.33,0.2,,1.0,1.0,1.0,100.0,cash_generation,viable,
DTE,DTE Energy,Utilities,10,2016-12-31,2025-12-31,2026-03-31,10/10,10/10,yes,2.7,2022-12-31,3.29,1.78,0.24,,22.9,1.51,0.43,0.3,,1.0,1.0,0.84,94.3,debt_service,viable,
DUK,Duke Energy,Utilities,10,2016-12-31,2025-12-31,2026-03-31,10/10,10/10,yes,1.4,2022-12-31,11.66,8.91,2.14,,23.5,9.77,0.71,1.6,,1.0,1.0,0.73,89.9,debt_service,viable,
DVA,DaVita,Health Care,10,2016-12-31,2025-12-31,2026-06-30,10/10,10/10,yes,2.1,2022-12-31,2.19,1.81,0.69,,19.0,0.12,0.04,0.7,,1.0,1.0,0.89,96.1,debt_service,viable,
DVN,Devon Energy,Energy,10,2016-12-31,2025-12-31,2026-06-30,10/10,9/10,yes,8.5,2023-12-31,8.55,2.5,0.95,,5.6,2.99,0.32,0.9,,1.0,1.0,1.0,100.0,cash_generation,viable,
DXCM,Dexcom,Health Care,10,2016-12-31,2025-12-31,2026-06-30,10/10,10/10,yes,0.8,2021-12-31,1.75,1.7,1.1,,0.6,,,3.7,,1.0,1.0,1.0,100.0,cash_generation,viable,
EBAY,eBay Inc.,Consumer Discretionary,10,2016-12-31,2025-12-31,2026-06-30,10/10,10/10,yes,3.8,2020-12-31,3.04,2.35,2.31,,7.4,1.59,0.3,3.1,,1.0,1.0,1.0,100.0,cash_generation,viable,
ECHO,EchoStar,Communication Services,10,2016-12-31,2025-12-31,2026-06-30,9/10,8/10,no,17.1,2022-12-31,-0.09,-6.83,0.5,0.07,105.0,1.45,2.91,0.2,,0.52,0.0,0.0,5.9,shock_absorption,at risk,
ECL,Ecolab,Materials,10,2016-12-31,2025-12-31,2026-06-30,10/10,10/10,yes,2.7,2020-12-31,3.06,2.25,5.14,,9.0,1.27,0.16,4.6,,1.0,1.0,1.0,100.0,cash_generation,viable,
ED,Consolidated Edison,Utilities,10,2016-12-31,2025-12-31,2026-03-31,10/10,10/10,yes,2.6,2023-12-31,4.14,2.21,0.15,,22.0,1.12,0.26,0.1,,1.0,1.0,0.85,94.7,debt_service,viable,
EFX,Equifax,Industrials,10,2016-12-31,2025-12-31,2026-06-30,10/10,9/10,yes,5.2,2022-12-31,1.61,0.99,0.17,,11.5,1.41,0.79,0.4,,1.0,1.0,0.84,94.2,debt_service,viable,
EG,Everest Group,Financials,10,2016-12-31,2025-12-31,,,,,,,,,,,,,,,,,,,,,not assessable,Financials sector excluded by this model; sector-specific measures are needed
EIX,Edison International,Utilities,10,2016-12-31,2025-12-31,2026-03-31,9/10,7/10,yes,6.1,2019-12-31,6.0,0.2,0.17,,23.2,4.24,0.69,0.2,,0.77,1.0,0.74,82.8,debt_service,viable,
EL,Estée Lauder Companies (The),Consumer Staples,10,2017-06-30,2026-06-30,2026-06-30,10/10,10/10,yes,6.3,2023-06-30,1.77,0.54,3.5,,15.7,0.5,0.1,3.1,,1.0,1.0,0.93,97.6,debt_service,viable,
ELV,Elevance Health,Health Care,10,2015-12-31,2025-12-31,2026-06-30,10/10,10/10,yes,2.1,2024-12-31,7.46,4.85,35.95,,15.9,0.38,0.01,2.2,,1.0,1.0,0.93,97.5,debt_service,viable,
EME,Emcor,Industrials,10,2016-12-31,2025-12-31,2026-06-30,10/10,10/10,yes,9.6,2021-12-31,1.29,0.31,0.92,,0.4,,,0.7,,1.0,1.0,1.0,100.0,cash_generation,viable,
EMR,Emerson Electric,Industrials,10,2016-09-30,2025-09-30,2026-06-30,10/10,9/10,yes,6.4,2023-09-30,3.91,1.21,2.18,,5.3,5.59,0.92,,,1.0,1.0,0.79,92.5,debt_service,viable,
EOG,EOG Resources,Energy,10,2016-12-31,2025-12-31,2026-06-30,10/10,9/10,yes,8.5,2020-12-31,13.36,8.7,4.91,,1.6,0.03,0.0,4.4,,1.0,1.0,1.0,100.0,cash_generation,viable,
EQIX,Equinix,Real Estate,10,2016-12-31,2025-12-31,2026-06-30,10/10,10/10,yes,0.0,2017-12-31,3.94,3.94,2.22,,13.2,1.08,0.17,4.8,,1.0,1.0,0.96,98.6,debt_service,viable,
EQT,EQT Corporation,Energy,10,2016-12-31,2025-12-31,2026-06-30,10/10,9/10,yes,5.4,2019-12-31,6.25,4.0,0.11,,6.2,0.11,0.02,0.5,,1.0,1.0,1.0,100.0,cash_generation,viable,
ERIE,Erie Indemnity,Financials,10,2016-12-31,2025-12-31,,,,,,,,,,,,,,,,,,,,,not assessable,Financials sector excluded by this model; sector-specific measures are needed
ES,Eversource Energy,Utilities,10,2016-12-31,2025-12-31,2026-06-30,10/10,10/10,yes,1.4,2023-12-31,4.43,3.53,1.82,,21.1,2.5,0.4,2.5,,1.0,1.0,0.86,95.2,debt_service,viable,
ESS,Essex Property Trust,Real Estate,10,2016-12-31,2025-12-31,2026-06-30,10/10,10/10,yes,0.9,2020-12-31,1.12,1.0,0.06,,18.6,0.43,0.37,1.0,,1.0,1.0,0.89,96.3,debt_service,viable,
ETN,Eaton Corporation,Industrials,10,2016-12-31,2025-12-31,2026-06-30,10/10,10/10,yes,2.5,2021-12-31,4.95,3.57,0.69,,6.6,2.1,0.37,0.3,,1.0,1.0,1.0,100.0,cash_generation,viable,
ETR,Entergy,Utilities,10,2016-12-31,2025-12-31,2026-03-31,10/10,10/10,yes,0.8,2017-12-31,5.44,4.82,3.57,,18.1,2.91,0.32,5.4,,1.0,1.0,0.9,96.5,debt_service,viable,
EVRG,Evergy,Utilities,10,2016-12-31,2025-12-31,2026-03-31,10/10,10/10,yes,1.5,2021-12-31,1.96,1.45,0.02,,23.7,2.33,1.18,0.1,,1.0,1.0,0.49,78.8,debt_service,strained,
EW,Edwards Lifesciences,Health Care,10,2016-12-31,2025-12-31,2026-06-30,10/10,10/10,yes,6.0,2022-12-31,1.72,0.88,4.25,,1.2,,,10.4,,1.0,1.0,1.0,100.0,cash_generation,viable,
EXC,Exelon,Utilities,10,2016-12-31,2025-12-31,2026-03-31,10/10,9/10,yes,1.9,2020-12-31,6.78,4.5,0.71,,23.0,2.99,0.4,0.5,,1.0,1.0,0.84,94.3,debt_service,viable,
EXE,Expand Energy,Energy,10,2015-12-31,2025-12-31,2026-03-31,9/10,4/10,yes,12.8,2016-12-31,5.88,2.11,2.22,,3.9,0.88,0.11,3.8,,0.6,1.0,1.0,84.3,cash_generation,viable,
EXPD,Expeditors International,Industrials,10,2016-12-31,2025-12-31,2026-06-30,10/10,10/10,yes,19.3,2023-12-31,0.97,-0.02,1.03,63.56,0.1,,,1.1,2.06,1.0,1.0,1.0,100.0,cash_generation,viable,
EXPE,Expedia Group,Consumer Discretionary,10,2016-12-31,2025-12-31,2026-06-30,9/10,9/10,yes,30.8,2020-12-31,5.22,-3.74,7.13,1.9,4.1,0.0,0.0,7.0,,0.93,1.0,1.0,97.7,cash_generation,viable,
EXR,Extra Space Storage,Real Estate,10,2016-12-31,2025-12-31,2026-06-30,10/10,9/9,yes,0.1,2025-12-31,1.9,1.86,0.7,,23.0,,,6.4,,1.0,1.0,0.67,87.7,debt_service,viable,
F,Ford Motor Company,Consumer Discretionary,10,2016-12-31,2025-12-31,2026-03-31,10/10,9/10,yes,3.5,2022-12-31,18.92,9.1,30.49,,15.6,,,2.0,,1.0,1.0,0.86,95.1,debt_service,viable,
FANG,Diamondback Energy,Energy,10,2016-12-31,2025-12-31,2026-06-30,10/10,10/10,yes,2.6,2020-12-31,10.14,8.29,0.46,,1.8,1.55,0.15,0.5,,1.0,1.0,1.0,100.0,cash_generation,viable,
FAST,Fastenal,Industrials,10,2016-12-31,2025-12-31,2026-06-30,10/10,10/10,yes,8.4,2021-12-31,1.4,0.96,0.2,,0.3,0.07,0.04,0.4,,1.0,1.0,1.0,100.0,cash_generation,viable,
FCX,Freeport-McMoRan,Materials,10,2016-12-31,2025-12-31,2026-06-30,10/10,10/10,yes,5.6,2019-12-31,5.9,2.53,4.08,,4.2,1.22,0.12,2.9,,1.0,1.0,1.0,100.0,cash_generation,viable,
FDS,FactSet,Financials,10,2016-08-31,2025-08-31,,,,,,,,,,,,,,,,,,,,,not assessable,Financials sector excluded by this model; sector-specific measures are needed
FDX,FedEx,Industrials,10,2017-05-31,2026-05-31,2026-05-31,10/10,10/10,yes,1.5,2025-05-31,8.93,7.47,13.31,,9.0,3.17,0.14,1.9,33.84,1.0,1.0,1.0,100.0,cash_generation,viable,
FDXF,FedEx Freight,Industrials,3,2024-05-31,2026-05-31,2026-05-31,3/3,2/3,yes,27.2,2026-05-31,0.17,,,,4.0,0.04,,,4.28,0.81,,1.0,89.8,cash_generation,viable,missing: shock_absorption
FE,FirstEnergy,Utilities,10,2016-12-31,2025-12-31,2026-03-31,10/10,9/10,yes,5.7,2018-12-31,3.21,-0.02,0.05,2.75,23.7,1.73,0.53,0.1,,1.0,1.0,0.81,93.3,debt_service,viable,
FERG,Ferguson Enterprises,Industrials,4,2022-07-31,2025-07-31,2026-06-30,4/4,4/4,yes,5.3,2024-07-31,1.91,0.88,0.44,,9.0,0.45,0.19,0.2,,1.0,1.0,1.0,100.0,cash_generation,viable,
FFIV,"F5, Inc.",Information Technology,10,2016-09-30,2025-09-30,2026-06-30,10/10,10/10,yes,4.1,2022-09-30,1.05,0.77,1.61,,0.0,,,8.0,,1.0,1.0,1.0,100.0,cash_generation,viable,
FICO,Fair Isaac,Information Technology,10,2016-09-30,2025-09-30,2026-06-30,10/10,10/10,yes,2.8,2023-09-30,1.0,0.94,0.25,,14.1,0.3,0.24,2.6,,1.0,1.0,0.95,98.2,debt_service,viable,
FIS,Fidelity National Information Services,Financials,10,2016-12-31,2025-12-31,,,,,,,,,,,,,,,,,,,,,not assessable,Financials sector excluded by this model; sector-specific measures are needed
FISV,Fiserv,Financials,10,2016-12-31,2025-12-31,,,,,,,,,,,,,,,,,,,,,not assessable,Financials sector excluded by this model; sector-specific measures are needed
FITB,Fifth Third Bancorp,Financials,10,2016-12-31,2025-12-31,,,,,,,,,,,,,,,,,,,,,not assessable,Financials sector excluded by this model; sector-specific measures are needed
FIX,Comfort Systems USA,Industrials,10,2016-12-31,2025-12-31,2026-06-30,10/10,10/10,yes,6.1,2021-12-31,2.55,2.04,1.85,,0.3,0.0,0.0,2.2,,1.0,1.0,1.0,100.0,cash_generation,viable,
FLEX,Flex Ltd.,Information Technology,10,2017-03-31,2026-03-31,2026-06-26,6/10,5/10,yes,0.4,2023-03-31,1.56,1.47,2.84,,12.0,0.0,0.0,1.2,,0.4,1.0,0.98,73.1,cash_generation,strained,
FOXA,Fox Corporation (Class A),Communication Services,10,2017-06-30,2026-06-30,2026-06-30,10/10,10/10,yes,5.8,2026-06-30,1.97,0.66,4.21,,18.3,0.0,0.0,4.8,,1.0,1.0,0.9,96.4,debt_service,viable,
FRT,Federal Realty Investment Trust,Real Estate,10,2016-12-31,2025-12-31,2026-03-31,10/10,10/10,yes,1.4,2020-12-31,0.63,0.5,0.12,,22.1,0.66,0.88,6.1,,1.0,1.0,0.66,87.0,debt_service,viable,
FSLR,First Solar,Information Technology,10,2016-12-31,2025-12-31,2026-06-30,9/10,6/10,yes,24.3,2018-12-31,2.16,-1.1,1.73,1.57,1.6,0.04,0.01,6.9,,0.68,1.0,1.0,88.1,cash_generation,viable,
FTNT,Fortinet,Information Technology,10,2016-12-31,2025-12-31,2026-06-30,10/10,10/10,yes,0.0,2017-12-31,3.4,3.4,2.93,,0.5,0.0,0.0,7.1,,1.0,1.0,1.0,100.0,cash_generation,viable,
FTV,Fortive,Industrials,10,2016-12-31,2025-12-31,2026-04-03,10/10,10/10,yes,3.0,2021-12-31,1.08,0.73,0.36,,0.0,0.9,0.63,1.4,,1.0,1.0,0.94,97.8,debt_service,viable,
GD,General Dynamics,Industrials,10,2016-12-31,2025-12-31,2026-04-05,10/10,10/10,yes,2.1,2018-12-31,7.42,6.2,3.65,,4.6,1.75,0.16,0.9,,1.0,1.0,1.0,100.0,cash_generation,viable,
GDDY,GoDaddy,Information Technology,10,2016-12-31,2025-12-31,2026-06-30,10/10,10/10,yes,0.0,2017-12-31,1.73,1.73,1.16,,7.4,0.01,0.01,3.7,,1.0,1.0,1.0,100.0,cash_generation,viable,
GE,GE Aerospace,Industrials,10,2016-12-31,2025-12-31,2026-06-30,10/10,7/10,yes,2.0,2020-12-31,9.8,7.24,9.35,,8.3,2.0,0.1,4.1,,0.83,1.0,1.0,94.1,cash_generation,viable,
GEHC,GE HealthCare,Health Care,5,2021-12-31,2025-12-31,2026-03-31,5/5,5/5,yes,0.4,2024-12-31,1.19,1.02,2.26,,30.9,0.01,0.0,1.5,,1.0,1.0,0.74,90.4,debt_service,viable,
GEN,Gen Digital,Information Technology,10,2017-03-31,2026-04-03,2026-07-03,8/10,8/10,yes,14.8,2020-04-03,1.57,-0.74,0.56,0.76,25.0,0.18,0.08,2.7,,0.78,0.68,0.81,75.6,shock_absorption,viable,
GEV,GE Vernova,Industrials,4,2022-12-31,2025-12-31,2026-06-30,3/4,3/4,yes,0.0,2024-12-31,14.14,14.14,13.12,,0.4,0.06,0.0,4.0,,0.71,1.0,1.0,89.1,cash_generation,viable,
GILD,Gilead Sciences,Health Care,10,2016-12-31,2025-12-31,2026-06-30,10/10,10/10,yes,9.0,2017-12-31,13.55,9.09,3.18,,7.1,2.41,0.14,1.2,,1.0,1.0,1.0,100.0,cash_generation,viable,
GIS,General Mills,Consumer Staples,10,2017-05-28,2026-05-31,2026-05-31,10/10,10/10,yes,2.3,2026-05-31,2.17,1.48,0.45,,20.9,1.12,0.43,0.3,,1.0,1.0,0.86,95.2,debt_service,viable,
GL,Globe Life,Financials,10,2016-12-31,2025-12-31,,,,,,,,,,,,,,,,,,,,,not assessable,Financials sector excluded by this model; sector-specific measures are needed
GLW,Corning Inc.,Information Technology,10,2016-12-31,2025-12-31,2026-06-30,10/10,10/10,yes,3.2,2019-12-31,3.92,2.85,2.5,,7.4,0.67,0.1,2.3,,1.0,1.0,1.0,100.0,cash_generation,viable,
GM,General Motors,Consumer Discretionary,10,2016-12-31,2025-12-31,2026-06-30,10/10,10/10,yes,1.0,2018-12-31,23.2,20.44,24.72,,22.2,,,1.7,,1.0,1.0,0.69,88.5,debt_service,viable,
GNRC,Generac,Industrials,10,2016-12-31,2025-12-31,2026-06-30,10/10,9/10,yes,7.2,2022-12-31,0.55,0.13,0.26,,12.2,0.07,0.09,0.8,,1.0,1.0,0.97,99.1,debt_service,viable,
GOOGL,Alphabet Inc. (Class A),Communication Services,10,2016-12-31,2025-12-31,2026-06-30,10/10,5/5,yes,0.0,2022-12-31,185.68,185.27,242.47,,0.0,2.0,0.0,10.7,,1.0,1.0,1.0,100.0,cash_generation,viable,
GPC,Genuine Parts Company,Consumer Discretionary,10,2016-12-31,2025-12-31,2026-06-30,10/10,10/10,yes,5.6,2021-12-31,1.19,0.0,0.56,,13.9,1.69,0.97,0.3,,1.0,1.0,0.72,89.6,debt_service,viable,
GPN,Global Payments,Financials,10,2016-05-31,2025-12-31,,,,,,,,,,,,,,,,,,,,,not assessable,Financials sector excluded by this model; sector-specific measures are needed
GRMN,Garmin,Consumer Discretionary,10,2016-12-31,2025-12-27,2026-03-28,10/10,10/10,yes,4.1,2019-12-28,1.75,1.3,2.7,,0.0,,,6.1,,1.0,1.0,1.0,100.0,cash_generation,viable,
GS,Goldman Sachs,Financials,10,2016-12-31,2025-12-31,,,,,,,,,,,,,,,,,,,,,not assessable,Financials sector excluded by this model; sector-specific measures are needed
GWW,W. W. Grainger,Industrials,10,2016-12-31,2025-12-31,2026-06-30,10/10,10/10,yes,3.0,2021-12-31,2.17,1.89,0.59,,4.6,0.0,0.0,0.4,,1.0,1.0,1.0,100.0,cash_generation,viable,
HAL,Halliburton,Energy,10,2016-12-31,2025-12-31,2026-06-30,9/10,9/10,yes,3.7,2025-12-31,2.75,1.8,2.05,,13.2,0.09,0.02,1.3,,0.93,1.0,0.96,96.4,cash_generation,viable,
HAS,Hasbro,Consumer Discretionary,10,2016-12-25,2025-12-28,2026-06-28,10/10,10/10,yes,4.4,2022-12-25,1.29,1.02,0.88,,10.9,0.5,0.23,2.4,,1.0,1.0,0.99,99.6,debt_service,viable,
HBAN,Huntington Bancshares,Financials,10,2016-12-31,2025-12-31,,,,,,,,,,,,,,,,,,,,,not assessable,Financials sector excluded by this model; sector-specific measures are needed
HCA,HCA Healthcare,Health Care,10,2016-12-31,2025-12-31,2026-03-31,10/10,10/10,yes,0.9,2022-12-31,13.0,12.47,0.94,,14.7,8.53,0.61,0.2,33.15,1.0,1.0,0.89,96.0,debt_service,viable,
HD,Home Depot (The),Consumer Discretionary,10,2017-01-29,2026-02-01,2026-08-02,10/10,10/10,yes,3.6,2026-02-01,18.78,14.81,2.08,,11.3,8.95,0.43,0.2,,1.0,1.0,0.98,99.5,debt_service,viable,
HIG,Hartford (The),Financials,10,2016-12-31,2025-12-31,,,,,,,,,,,,,,,,,,,,,not assessable,Financials sector excluded by this model; sector-specific measures are needed
HII,Huntington Ingalls Industries,Industrials,10,2016-12-31,2025-12-31,2026-06-30,10/10,10/10,yes,5.1,2024-12-31,0.35,-0.31,0.01,0.04,26.5,,,0.0,,1.0,0.0,0.59,22.7,shock_absorption,at risk,
HLT,Hilton Worldwide,Consumer Discretionary,10,2016-12-31,2025-12-31,2026-06-30,10/10,9/10,yes,4.5,2020-12-31,2.11,1.34,1.01,,24.0,0.62,0.2,1.3,,1.0,1.0,0.82,93.8,debt_service,viable,
HON,Honeywell Technologies,Industrials,10,2016-12-31,2025-12-31,2026-06-30,10/10,10/10,yes,1.2,2022-12-31,5.12,4.2,9.2,,20.3,7.76,0.54,3.9,,1.0,1.0,0.85,94.8,debt_service,viable,
HONA,Honeywell Aerospace,Industrials,0,,,,,,,,,,,,,,,,,,,,,,,not assessable,no fiscal-year history yet (new registrant)
HOOD,Robinhood Markets,Financials,7,2019-12-31,2025-12-31,,,,,,,,,,,,,,,,,,,,,not assessable,Financials sector excluded by this model; sector-specific measures are needed
HPE,Hewlett Packard Enterprise,Information Technology,10,2016-10-31,2025-10-31,2026-07-31,10/10,8/10,yes,4.7,2017-10-31,6.69,2.79,6.22,,13.2,2.9,0.22,2.1,,0.92,1.0,0.96,95.8,cash_generation,viable,
HPQ,HP Inc.,Information Technology,10,2016-10-31,2025-10-31,2026-07-31,10/10,10/10,yes,5.0,2022-10-31,4.67,2.36,4.17,,8.6,1.29,0.15,0.9,,1.0,1.0,1.0,100.0,cash_generation,viable,
HRL,Hormel Foods,Consumer Staples,10,2016-10-30,2025-10-26,2026-07-26,10/10,10/10,yes,3.9,2019-10-27,1.09,0.57,0.87,,6.4,0.51,0.26,0.9,,1.0,1.0,1.0,100.0,cash_generation,viable,
HSIC,Henry Schein,Health Care,10,2016-12-31,2025-12-27,2026-06-27,10/10,10/10,yes,1.4,2017-12-30,0.7,0.54,0.16,,18.4,1.16,1.36,0.1,,1.0,1.0,0.47,77.6,debt_service,strained,
HST,Host Hotels & Resorts,Real Estate,10,2016-12-31,2025-12-31,2026-06-30,9/10,8/10,yes,12.7,2020-12-31,1.61,-0.07,1.95,27.52,12.7,0.0,0.0,5.2,,0.85,1.0,0.97,93.6,cash_generation,viable,
HSY,Hershey Company (The),Consumer Staples,10,2016-12-31,2025-12-31,2026-06-28,10/10,10/10,yes,2.0,2025-12-31,2.66,2.38,0.79,,7.4,0.93,0.27,1.0,,1.0,1.0,1.0,100.0,cash_generation,viable,
HUBB,Hubbell Incorporated,Industrials,10,2016-12-31,2025-12-31,2026-03-31,10/10,10/10,yes,2.6,2021-12-31,1.08,0.86,0.52,,,0.54,0.34,1.4,,1.0,1.0,1.0,100.0,cash_generation,viable,
HUM,Humana,Health Care,10,2016-12-31,2025-12-31,2026-03-31,10/10,10/10,yes,9.7,2021-12-31,1.84,-3.49,21.96,6.29,25.4,1.72,0.07,2.0,,1.0,1.0,0.81,93.1,debt_service,viable,
HWM,Howmet Aerospace,Industrials,10,2016-12-31,2025-12-31,2026-06-30,9/10,5/10,yes,2.6,2020-12-31,2.22,1.88,0.56,,6.6,0.45,0.16,1.1,,0.6,1.0,1.0,84.3,cash_generation,viable,
IBKR,Interactive Brokers,Financials,10,2016-12-31,2025-12-31,,,,,,,,,,,,,,,,,,,,,not assessable,Financials sector excluded by this model; sector-specific measures are needed
IBM,IBM,Information Technology,10,2016-12-31,2025-12-31,2026-06-30,10/10,10/10,yes,3.5,2021-12-31,14.89,9.62,7.17,,12.1,11.55,0.52,,,1.0,1.0,0.96,98.7,debt_service,viable,
ICE,Intercontinental Exchange,Financials,10,2016-12-31,2025-12-31,,,,,,,,,,,,,,,,,,,,,not assessable,Financials sector excluded by this model; sector-specific measures are needed
IDXX,Idexx Laboratories,Health Care,10,2016-12-31,2025-12-31,2026-06-30,10/10,10/10,yes,8.7,2022-12-31,1.37,1.07,0.2,,2.7,0.15,0.1,0.8,,1.0,1.0,1.0,100.0,cash_generation,viable,
IEX,IDEX Corporation,Industrials,10,2016-12-31,2025-12-31,2026-06-30,10/10,10/10,yes,0.8,2024-12-31,0.72,0.66,0.62,,8.9,0.0,0.0,2.7,,1.0,1.0,1.0,100.0,cash_generation,viable,
IFF,International Flavors & Fragrances,Materials,10,2016-12-31,2025-12-31,2026-06-30,10/10,8/10,yes,4.0,2017-12-31,1.16,0.16,0.57,,13.4,0.96,0.56,0.7,,0.92,1.0,0.93,94.8,cash_generation,viable,
INCY,Incyte,Health Care,10,2016-12-31,2025-12-31,2026-03-31,8/10,8/10,yes,24.4,2020-12-31,1.52,-0.27,3.46,12.72,0.0,,,11.4,,0.78,1.0,1.0,92.2,cash_generation,viable,
INTC,Intel,Information Technology,10,2016-12-31,2025-12-27,2026-06-27,10/10,8/10,yes,8.3,2022-12-31,14.94,-1.92,29.73,15.48,7.0,1.99,0.04,7.8,,0.92,1.0,1.0,97.1,cash_generation,viable,
INTU,Intuit,Information Technology,10,2017-07-31,2026-07-31,2026-07-31,10/10,10/10,yes,0.6,2024-07-31,8.84,8.62,4.71,,3.2,1.25,0.09,3.7,,1.0,1.0,1.0,100.0,cash_generation,viable,
INVH,Invitation Homes,Real Estate,10,2016-12-31,2025-12-31,2026-06-30,10/10,8/10,yes,0.1,2024-12-31,1.2,1.18,0.08,,21.6,0.99,0.77,0.5,,0.92,1.0,0.72,87.0,debt_service,viable,
IP,International Paper,Materials,10,2016-12-31,2025-12-31,2026-06-30,10/10,9/10,yes,3.3,2021-12-31,2.65,1.46,0.73,,17.4,1.0,0.3,0.4,,1.0,1.0,0.91,96.8,debt_service,viable,
IQV,IQVIA,Health Care,10,2016-12-31,2025-12-31,2026-03-31,10/10,9/10,yes,2.8,2022-12-31,2.7,1.88,2.1,,19.3,1.84,0.38,1.9,,1.0,1.0,0.88,96.0,debt_service,viable,
IR,Ingersoll Rand,Industrials,10,2016-12-31,2025-12-31,2026-06-30,10/10,9/10,yes,2.3,2019-12-31,1.35,0.94,1.17,,15.5,0.7,0.28,2.4,,1.0,1.0,0.93,97.6,debt_service,viable,
IRM,Iron Mountain,Real Estate,10,2016-12-31,2025-12-31,2026-06-30,10/10,10/10,yes,1.6,2021-12-31,1.66,1.3,0.2,,35.2,0.22,0.12,0.5,,1.0,1.0,0.68,88.1,debt_service,viable,
ISRG,Intuitive Surgical,Health Care,10,2016-12-31,2025-12-31,2026-06-30,10/10,10/10,yes,4.4,2022-12-31,3.71,2.78,5.22,,,,,9.0,,1.0,1.0,,100.0,cash_generation,viable,missing: debt_service
IT,Gartner,Information Technology,10,2016-12-31,2025-12-31,2026-06-30,10/10,10/10,yes,4.7,2017-12-31,1.38,1.04,1.49,,6.7,0.0,0.0,3.5,1.52,1.0,1.0,1.0,100.0,cash_generation,viable,
ITW,Illinois Tool Works,Industrials,10,2016-12-31,2025-12-31,2026-06-30,10/10,10/10,yes,1.7,2024-12-31,3.33,3.06,0.84,,7.9,3.15,0.75,0.9,,1.0,1.0,0.87,95.6,debt_service,viable,
IVZ,Invesco,Financials,10,2016-12-31,2025-12-31,,,,,,,,,,,,,,,,,,,,,not assessable,Financials sector excluded by this model; sector-specific measures are needed
J,Jacobs Solutions,Industrials,10,2016-09-30,2025-09-26,2026-06-26,9/10,9/10,yes,6.7,2019-09-27,0.74,-0.05,1.17,22.87,16.7,,,1.0,,0.93,1.0,0.83,91.9,debt_service,viable,
JBHT,J.B. Hunt,Industrials,10,2016-12-31,2025-12-31,2026-06-30,10/10,10/10,yes,3.0,2024-12-31,1.6,1.35,0.0,,4.6,0.0,0.0,0.0,3.23,1.0,1.0,1.0,100.0,cash_generation,viable,
JBL,Jabil,Information Technology,10,2016-08-31,2025-08-31,2026-05-31,8/10,8/10,yes,23.1,2017-08-31,1.86,-3.64,1.36,0.37,8.0,0.5,0.16,0.5,,0.78,0.17,1.0,50.6,shock_absorption,at risk,
JCI,Johnson Controls,Industrials,10,2016-09-30,2025-09-30,2026-03-31,10/10,9/10,yes,3.1,2022-09-30,3.04,1.83,0.7,,9.6,0.91,0.24,0.4,,1.0,1.0,1.0,100.0,cash_generation,viable,
JKHY,Jack Henry & Associates,Financials,10,2017-06-30,2026-06-30,,,,,,,,,,,,,,,,,,,,,not assessable,Financials sector excluded by this model; sector-specific measures are needed
JNJ,Johnson & Johnson,Health Care,10,2017-01-01,2025-12-28,2026-06-28,10/10,10/10,yes,1.2,2023-01-01,27.61,25.16,20.76,,6.3,13.69,0.28,3.6,,1.0,1.0,1.0,100.0,cash_generation,viable,
JPM,JPMorgan Chase,Financials,10,2016-12-31,2025-12-31,,,,,,,,,,,,,,,,,,,,,not assessable,Financials sector excluded by this model; sector-specific measures are needed
KDP,Keurig Dr Pepper,Consumer Staples,10,2015-12-31,2025-12-31,2026-06-30,10/10,10/10,yes,2.9,2023-12-31,2.53,-0.02,1.52,69.14,20.9,8.39,2.08,1.1,,1.0,1.0,0.36,71.4,debt_service,strained,
KEY,KeyCorp,Financials,10,2016-12-31,2025-12-31,,,,,,,,,,,,,,,,,,,,,not assessable,Financials sector excluded by this model; sector-specific measures are needed
KEYS,Keysight Technologies,Information Technology,10,2016-10-31,2025-10-31,2026-07-31,10/10,10/10,yes,4.1,2024-10-31,1.6,1.12,2.6,,7.4,0.7,0.17,6.1,,1.0,1.0,1.0,100.0,cash_generation,viable,
KHC,Kraft Heinz,Consumer Staples,10,2016-12-31,2025-12-27,2026-06-27,10/10,9/10,yes,3.1,2022-12-31,4.62,2.36,2.68,,16.3,1.38,0.19,1.2,,1.0,1.0,0.92,97.3,debt_service,viable,
KIM,Kimco Realty,Real Estate,10,2016-12-31,2025-12-31,2026-06-30,10/10,10/10,yes,0.5,2019-12-31,1.18,1.08,0.7,,21.2,,,10.7,,1.0,1.0,0.72,89.7,debt_service,viable,
KKR,KKR & Co.,Financials,10,2016-12-31,2025-12-31,,,,,,,,,,,,,,,,,,,,,not assessable,Financials sector excluded by this model; sector-specific measures are needed
KLAC,KLA Corporation,Information Technology,10,2017-06-30,2026-06-30,2026-06-30,10/10,10/10,yes,2.6,2024-06-30,4.14,3.68,1.65,,6.4,,,1.6,,1.0,1.0,1.0,100.0,cash_generation,viable,
KMB,Kimberly-Clark,Consumer Staples,10,2016-12-31,2025-12-31,2026-06-30,10/10,10/10,yes,5.7,2021-12-31,3.33,2.28,0.96,,6.9,0.04,0.01,0.9,,1.0,1.0,1.0,100.0,cash_generation,viable,
KMI,Kinder Morgan,Energy,10,2016-12-31,2025-12-31,2026-06-30,10/10,10/10,yes,1.2,2024-12-31,6.56,5.66,0.09,,21.2,2.44,0.37,0.1,,1.0,1.0,0.86,95.1,debt_service,viable,
KO,Coca-Cola Company (The),Consumer Staples,10,2016-12-31,2025-12-31,2026-04-03,10/10,10/10,yes,4.9,2024-12-31,14.63,9.52,10.57,,10.5,4.74,0.19,3.8,,1.0,1.0,0.99,99.8,debt_service,viable,
KR,Kroger,Consumer Staples,10,2017-01-28,2026-01-31,2026-05-23,10/10,10/10,yes,3.4,2023-01-28,6.94,5.2,2.87,,8.3,0.87,0.09,0.2,,1.0,1.0,1.0,100.0,cash_generation,viable,
KVUE,Kenvue,Consumer Staples,5,2022-01-02,2025-12-28,2026-06-28,5/5,4/5,yes,5.0,2024-12-29,2.33,0.98,1.11,,15.9,1.41,0.41,1.1,,0.92,1.0,0.93,94.7,cash_generation,viable,
L,Loews Corporation,Financials,10,2016-12-31,2025-12-31,,,,,,,,,,,,,,,,,,,,,not assessable,Financials sector excluded by this model; sector-specific measures are needed
LDOS,Leidos,Industrials,10,2016-12-30,2026-01-02,2026-07-03,10/10,10/10,yes,2.4,2021-12-31,2.3,1.92,0.75,,9.2,0.02,0.01,0.6,,1.0,1.0,1.0,100.0,cash_generation,viable,
LEN,Lennar,Consumer Discretionary,10,2016-11-30,2025-11-30,2026-05-31,10/10,10/10,yes,7.1,2024-11-30,0.88,-1.5,2.17,1.45,5.4,,,0.9,,1.0,1.0,1.0,100.0,cash_generation,viable,
LH,Labcorp,Health Care,10,2016-12-31,2025-12-31,2026-06-30,10/10,10/10,yes,5.7,2022-12-31,1.64,0.59,0.14,,,0.0,0.0,0.1,,1.0,1.0,1.0,100.0,cash_generation,viable,
LHX,L3Harris,Industrials,10,2016-07-01,2026-01-02,2026-07-03,10/10,10/10,yes,3.0,2017-06-30,3.29,2.02,1.52,,15.5,1.81,0.38,0.9,,1.0,1.0,0.93,97.7,debt_service,viable,
LII,Lennox International,Industrials,10,2016-12-31,2025-12-31,2026-03-31,10/10,10/10,yes,9.8,2022-12-31,0.81,0.39,0.05,,5.9,0.38,0.44,0.1,,1.0,1.0,1.0,100.0,cash_generation,viable,
LIN,Linde plc,Materials,10,2016-12-31,2025-12-31,2026-06-30,10/10,10/10,yes,1.1,2022-12-31,10.49,9.56,4.9,,5.0,11.87,0.77,2.6,,1.0,1.0,0.86,95.3,debt_service,viable,
LITE,Lumentum,Information Technology,10,2017-07-01,2026-06-27,2026-06-27,10/10,9/10,yes,7.9,2022-07-02,0.75,0.18,2.74,,2.0,3.19,0.92,13.9,,1.0,1.0,0.79,92.5,debt_service,viable,
LLY,Lilly (Eli),Health Care,10,2016-12-31,2025-12-31,2026-06-30,10/10,10/10,yes,6.8,2023-12-31,28.08,18.46,8.95,,2.2,7.05,0.19,,,1.0,1.0,1.0,100.0,cash_generation,viable,
LMT,Lockheed Martin,Industrials,10,2016-12-31,2025-12-31,2026-06-28,10/10,10/10,yes,7.2,2018-12-31,10.4,5.93,3.79,,8.8,0.0,0.0,0.7,,1.0,1.0,1.0,100.0,cash_generation,viable,
LNT,Alliant Energy,Utilities,10,2016-12-31,2025-12-31,2026-03-31,10/10,6/10,yes,1.0,2020-12-31,1.29,1.05,0.12,,27.4,0.87,0.62,0.5,,0.75,1.0,0.72,81.6,debt_service,viable,
LOW,Lowe's,Consumer Discretionary,10,2017-02-03,2026-01-30,2026-07-31,10/10,10/10,yes,5.5,2020-01-31,9.26,6.19,3.41,,14.6,2.35,0.19,0.5,10.83,1.0,1.0,0.94,98.1,debt_service,viable,
LRCX,Lam Research,Information Technology,10,2017-06-25,2026-06-28,2026-06-28,10/10,10/10,yes,8.7,2020-06-28,5.86,3.8,5.58,,2.5,0.0,0.0,4.6,,1.0,1.0,1.0,100.0,cash_generation,viable,
LULU,Lululemon Athletica,Consumer Discretionary,10,2017-01-29,2026-02-01,2026-08-02,10/10,10/10,yes,8.8,2026-02-01,1.98,1.23,1.39,,0.1,0.0,0.0,1.9,,1.0,1.0,1.0,100.0,cash_generation,viable,
LUV,Southwest Airlines,Industrials,10,2016-12-31,2025-12-31,2026-06-30,9/10,8/10,yes,19.7,2020-12-31,2.53,-3.42,3.79,1.11,5.1,2.16,0.34,1.7,13.4,0.85,1.0,1.0,94.7,cash_generation,viable,
LVS,Las Vegas Sands,Consumer Discretionary,10,2016-12-31,2025-12-31,2026-06-30,7/10,7/10,yes,18.8,2020-12-31,3.73,-0.0,3.38,3073.54,15.9,1.57,0.22,4.3,2.17,0.63,1.0,0.93,83.7,cash_generation,viable,
LYB,LyondellBasell,Materials,10,2016-12-31,2025-12-31,2026-06-30,10/10,10/10,yes,5.1,2020-12-31,2.97,1.21,4.06,,14.0,1.7,0.24,1.7,,1.0,1.0,0.95,98.3,debt_service,viable,
LYV,Live Nation Entertainment,Communication Services,10,2016-12-31,2025-12-31,2026-06-30,9/10,9/10,yes,14.2,2020-12-31,2.61,-1.38,9.07,6.58,4.3,2.97,0.25,4.4,,0.93,1.0,1.0,97.7,cash_generation,viable,
MA,Mastercard,Financials,10,2016-12-31,2025-12-31,,,,,,,,,,,,,,,,,,,,,not assessable,Financials sector excluded by this model; sector-specific measures are needed
MAA,Mid-America Apartment Communities,Real Estate,10,2012-12-31,2025-12-31,2026-03-31,10/10,10/10,yes,0.3,2024-12-31,1.03,0.99,0.07,,16.2,1.0,0.91,0.6,0.05,1.0,1.0,0.72,89.6,debt_service,viable,
MAR,Marriott International,Consumer Discretionary,10,2016-12-31,2025-12-31,2026-06-30,10/10,10/10,yes,2.8,2019-12-31,3.73,2.93,0.46,,16.8,0.46,0.11,0.2,,1.0,1.0,0.92,97.1,debt_service,viable,
MAS,Masco,Industrials,10,2016-12-31,2025-12-31,2026-03-31,10/10,10/10,yes,6.3,2024-12-31,1.1,0.77,0.39,,8.3,0.0,0.0,0.7,,1.0,1.0,1.0,100.0,cash_generation,viable,
MCD,McDonald's,Consumer Discretionary,10,2016-12-31,2025-12-31,2026-06-30,10/10,10/10,yes,3.9,2020-12-31,11.35,9.01,0.82,,12.1,0.0,0.0,0.7,,1.0,1.0,0.97,99.1,debt_service,viable,
MCHP,Microchip Technology,Information Technology,10,2017-03-31,2026-03-31,2026-06-30,10/10,10/10,yes,12.6,2025-03-31,1.2,-0.61,0.27,0.44,15.0,0.0,0.0,0.9,,1.0,0.26,0.94,62.4,shock_absorption,strained,
MCK,McKesson Corporation,Health Care,10,2017-03-31,2026-03-31,2026-06-30,10/10,10/10,yes,1.4,2024-03-31,6.85,5.66,5.16,,3.0,1.3,0.11,0.2,,1.0,1.0,1.0,100.0,cash_generation,viable,
MCO,Moody's Corporation,Financials,10,2016-12-31,2025-12-31,,,,,,,,,,,,,,,,,,,,,not assessable,Financials sector excluded by this model; sector-specific measures are needed
MDLZ,Mondelez International,Consumer Staples,10,2016-12-31,2025-12-31,2026-03-31,10/10,10/10,yes,0.6,2025-12-31,3.89,3.48,1.63,,12.8,5.56,1.01,0.6,,1.0,1.0,0.71,89.3,debt_service,viable,
MDT,Medtronic,Health Care,10,2017-04-28,2026-04-24,2026-07-31,10/10,10/10,yes,2.2,2018-04-27,8.04,5.98,8.82,,8.8,2.54,0.15,3.8,,1.0,1.0,1.0,100.0,cash_generation,viable,
MET,MetLife,Financials,10,2016-12-31,2025-12-31,,,,,,,,,,,,,,,,,,,,,not assessable,Financials sector excluded by this model; sector-specific measures are needed
META,Meta Platforms,Communication Services,10,2016-12-31,2025-12-31,2026-06-30,10/10,10/10,yes,4.3,2022-12-31,130.3,110.76,90.26,,1.0,2.75,0.01,9.1,58.7,1.0,1.0,1.0,100.0,cash_generation,viable,
MGM,MGM Resorts,Consumer Discretionary,10,2016-12-31,2025-12-31,2026-06-30,9/10,8/10,yes,9.8,2020-12-31,2.46,-1.42,2.55,1.79,13.4,1.15,0.23,2.0,,0.85,1.0,0.96,93.4,cash_generation,viable,
MKC,McCormick & Company,Consumer Staples,10,2016-11-30,2025-11-30,2026-05-31,10/10,10/10,yes,2.5,2024-11-30,1.23,0.83,0.33,,13.5,1.34,0.85,0.7,,1.0,1.0,0.78,92.0,debt_service,viable,
MLM,Martin Marietta Materials,Materials,10,2016-12-31,2025-12-31,2026-06-30,10/10,10/10,yes,1.0,2022-12-31,1.52,1.3,0.11,,12.9,0.86,0.53,0.3,0.85,1.0,1.0,0.95,98.3,debt_service,viable,
MMM,3M,Industrials,10,2016-12-31,2025-12-31,2026-06-30,10/10,10/10,yes,9.6,2024-12-31,4.9,1.54,2.96,,8.7,1.65,0.21,1.9,,1.0,1.0,1.0,100.0,cash_generation,viable,
MNST,Monster Beverage,Consumer Staples,10,2016-12-31,2025-12-31,2026-06-30,10/10,10/10,yes,3.4,2022-12-31,2.24,1.85,3.42,,0.0,,,6.4,,1.0,1.0,1.0,100.0,cash_generation,viable,
MO,Altria,Consumer Staples,10,2016-12-31,2025-12-31,2026-06-30,10/10,10/10,yes,1.4,2024-12-31,9.41,8.95,2.37,,10.6,1.68,0.14,2.3,,1.0,1.0,0.99,99.8,debt_service,viable,
MOS,Mosaic Company (The),Materials,10,2016-12-31,2025-12-31,2026-06-30,10/10,9/10,yes,6.5,2023-12-31,0.44,-1.17,0.29,0.25,31.7,0.07,0.09,0.3,,1.0,0.0,0.73,24.4,shock_absorption,at risk,
MPC,Marathon Petroleum,Energy,10,2016-12-31,2025-12-31,2026-06-30,10/10,9/10,yes,7.1,2020-12-31,17.13,10.41,7.77,,7.4,2.12,0.09,0.7,,1.0,1.0,1.0,100.0,cash_generation,viable,
MPWR,Monolithic Power Systems,Information Technology,10,2016-12-31,2025-12-31,2026-06-30,10/10,10/10,yes,4.6,2022-12-31,0.82,0.61,1.41,,,,,7.5,,1.0,1.0,,100.0,cash_generation,viable,missing: debt_service
MRK,Merck & Co.,Health Care,10,2016-12-31,2025-12-31,2026-06-30,10/10,10/10,yes,5.6,2023-12-31,19.97,12.73,7.14,,7.8,2.83,0.1,,,1.0,1.0,1.0,100.0,cash_generation,viable,
MRNA,Moderna,Health Care,10,2016-12-31,2025-12-31,2026-06-30,4/10,4/10,no,35.0,2022-12-31,-1.07,-4.91,5.14,1.05,100.0,,,11.6,,0.0,1.0,0.0,7.4,cash_generation,at risk,
MRSH,Marsh McLennan,Financials,10,2016-12-31,2025-12-31,,,,,,,,,,,,,,,,,,,,,not assessable,Financials sector excluded by this model; sector-specific measures are needed
MRVL,Marvell Technology,Information Technology,7,2020-02-01,2026-01-31,2026-08-01,7/7,7/7,yes,0.0,2022-01-29,2.2,2.2,3.93,,7.5,0.0,0.0,6.2,,1.0,1.0,1.0,100.0,cash_generation,viable,
MS,Morgan Stanley,Financials,10,2016-12-31,2025-12-31,,,,,,,,,,,,,,,,,,,,,not assessable,Financials sector excluded by this model; sector-specific measures are needed
MSCI,MSCI,Financials,10,2016-12-31,2025-12-31,,,,,,,,,,,,,,,,,,,,,not assessable,Financials sector excluded by this model; sector-specific measures are needed
MSFT,Microsoft,Information Technology,10,2017-06-30,2026-06-30,2026-06-30,10/10,10/10,yes,0.4,2023-06-30,182.94,179.91,76.84,,0.8,9.23,0.04,6.5,,1.0,1.0,1.0,100.0,cash_generation,viable,
MSI,Motorola Solutions,Information Technology,10,2016-12-31,2025-12-31,2026-07-04,10/10,10/10,yes,3.3,2018-12-31,2.97,2.34,0.71,,11.3,1.36,0.37,1.0,,1.0,1.0,0.98,99.5,debt_service,viable,
MTB,M&T Bank,Financials,10,2016-12-31,2025-12-31,,,,,,,,,,,,,,,,,,,,,not assessable,Financials sector excluded by this model; sector-specific measures are needed
MTD,Mettler Toledo,Health Care,10,2016-12-31,2025-12-31,2026-06-30,10/10,10/10,yes,1.5,2022-12-31,0.98,0.92,0.05,,6.4,0.07,0.07,,,1.0,1.0,1.0,100.0,cash_generation,viable,
MU,Micron Technology,Information Technology,10,2016-09-01,2025-08-28,2026-05-28,10/10,9/10,yes,20.6,2023-08-31,51.43,23.87,26.02,,0.8,0.58,0.01,14.2,,1.0,1.0,1.0,100.0,cash_generation,viable,
NCLH,Norwegian Cruise Line Holdings,Consumer Discretionary,10,2016-12-31,2025-12-31,2026-06-30,8/10,7/10,yes,26.2,2020-12-31,2.11,-4.19,0.22,0.05,31.1,1.14,0.49,0.4,0.31,0.7,0.0,0.74,21.8,shock_absorption,at risk,
NDAQ,"Nasdaq, Inc.",Financials,10,2016-12-31,2025-12-31,,,,,,,,,,,,,,,,,,,,,not assessable,Financials sector excluded by this model; sector-specific measures are needed
NDSN,Nordson Corporation,Industrials,10,2016-10-31,2025-10-31,2026-07-31,10/10,10/10,yes,3.6,2019-10-31,0.77,0.56,0.11,,11.3,0.2,0.23,0.6,,1.0,1.0,0.98,99.4,debt_service,viable,
NEE,NextEra Energy,Utilities,10,2016-12-31,2025-12-31,2026-03-31,10/10,10/10,yes,0.4,2025-12-31,12.33,11.43,2.0,,24.0,9.2,0.64,2.2,,1.0,1.0,0.75,91.0,debt_service,viable,
NEM,Newmont,Materials,10,2016-12-31,2025-12-31,2026-06-30,10/10,10/10,yes,3.1,2017-12-31,12.63,10.82,9.01,,1.8,0.0,0.0,10.8,,1.0,1.0,1.0,100.0,cash_generation,viable,
NFLX,Netflix,Communication Services,10,2016-12-31,2025-12-31,2026-06-30,6/10,6/10,yes,5.2,2021-12-31,11.97,8.94,9.13,,5.7,2.48,0.12,3.3,,0.48,1.0,1.0,78.5,cash_generation,strained,
NI,NiSource,Utilities,10,2016-12-31,2025-12-31,2026-06-30,10/10,9/10,yes,2.1,2020-12-31,2.3,1.51,0.07,,19.5,1.79,0.75,0.2,,1.0,1.0,0.75,91.0,debt_service,viable,
NKE,"Nike, Inc.",Consumer Discretionary,10,2017-05-31,2026-05-31,2026-05-31,10/10,10/10,yes,14.4,2020-05-31,2.87,-2.67,7.56,2.84,10.1,2.0,0.19,,,1.0,1.0,1.0,99.9,debt_service,viable,
NOC,Northrop Grumman,Industrials,10,2016-12-31,2025-12-31,2026-06-30,10/10,10/10,yes,1.7,2021-12-31,5.08,4.24,2.31,,,0.76,0.1,0.8,,1.0,1.0,1.0,100.0,cash_generation,viable,
NOW,ServiceNow,Information Technology,10,2016-12-31,2025-12-31,2026-06-30,10/10,10/10,yes,0.0,2017-12-31,5.31,5.31,4.66,,0.7,4.18,0.42,4.7,,1.0,1.0,1.0,100.0,cash_generation,viable,
NRG,NRG Energy,Utilities,10,2016-12-31,2025-12-31,2026-06-30,9/10,7/10,partly,9.0,2021-12-31,1.55,-2.05,0.16,0.08,26.9,1.51,0.88,0.1,,0.6,0.0,0.6,19.3,shock_absorption,at risk,
NSC,Norfolk Southern,Industrials,10,2016-12-31,2025-12-31,2026-06-30,10/10,10/10,yes,2.7,2023-12-31,3.73,2.52,1.07,,17.0,0.65,0.14,1.8,2.98,1.0,1.0,0.91,97.0,debt_service,viable,
NTAP,NetApp,Information Technology,10,2017-04-28,2026-04-24,2026-07-31,10/10,10/10,yes,3.2,2020-04-24,1.9,1.54,3.58,,5.1,0.55,0.1,8.0,,1.0,1.0,1.0,100.0,cash_generation,viable,
NTRS,Northern Trust,Financials,10,2016-12-31,2025-12-31,,,,,,,,,,,,,,,,,,,,,not assessable,Financials sector excluded by this model; sector-specific measures are needed
NUE,Nucor,Materials,10,2016-12-31,2025-12-31,2026-07-04,10/10,10/10,yes,9.1,2023-12-31,4.42,1.06,2.69,,6.0,0.71,0.1,,,1.0,1.0,1.0,100.0,cash_generation,viable,
NVDA,Nvidia,Information Technology,10,2017-01-29,2026-01-25,2026-07-26,10/10,10/10,yes,7.8,2023-01-29,134.36,109.23,22.44,,0.2,1.0,0.01,2.6,,1.0,1.0,1.0,100.0,cash_generation,viable,
NVR,"NVR, Inc.",Consumer Discretionary,10,2016-12-31,2025-12-31,2026-06-30,10/10,10/10,yes,6.6,2023-12-31,1.07,0.71,1.2,,2.7,,,,,1.0,1.0,1.0,100.0,cash_generation,viable,
NWSA,News Corp (Class A),Communication Services,10,2017-06-30,2026-06-30,2026-06-30,10/10,10/10,yes,1.5,2023-06-30,1.24,1.0,2.1,,6.8,0.0,0.0,7.4,,1.0,1.0,1.0,100.0,cash_generation,viable,
NXPI,NXP Semiconductors,Information Technology,10,2016-12-31,2025-12-31,2026-03-29,10/10,10/10,yes,9.3,2019-12-31,3.05,0.53,3.71,,10.1,0.75,0.11,5.6,,1.0,1.0,1.0,99.9,debt_service,viable,
O,Realty Income,Real Estate,10,2016-12-31,2025-12-31,2026-06-30,10/10,10/10,yes,0.0,2017-12-31,4.17,4.17,0.55,,21.0,1.4,0.3,2.9,,1.0,1.0,0.86,95.2,debt_service,viable,
ODFL,Old Dominion,Industrials,10,2016-12-31,2025-12-31,2026-06-30,10/10,10/10,yes,5.3,2025-12-31,1.39,1.09,0.28,,0.3,0.02,0.01,0.9,2.63,1.0,1.0,1.0,100.0,cash_generation,viable,
OKE,Oneok,Energy,10,2016-12-31,2025-12-31,2026-06-30,10/10,10/10,yes,1.3,2019-12-31,6.16,5.25,0.16,,22.0,2.25,0.36,0.1,,1.0,1.0,0.85,94.7,debt_service,viable,
OMC,Omnicom Group,Communication Services,10,2016-12-31,2025-12-31,2026-03-31,10/10,10/10,yes,3.6,2022-12-31,3.17,1.38,4.29,,7.2,1.47,0.2,2.7,,1.0,1.0,1.0,100.0,cash_generation,viable,
ON,ON Semiconductor,Information Technology,10,2016-12-31,2025-12-31,2026-07-03,10/10,10/10,yes,7.6,2019-12-31,1.67,0.64,3.86,,2.8,0.8,0.14,9.8,,1.0,1.0,1.0,100.0,cash_generation,viable,
ORCL,Oracle Corporation,Information Technology,10,2017-05-31,2026-05-31,2026-08-31,10/10,10/10,yes,4.8,2022-05-31,46.94,32.26,37.08,,7.7,7.21,0.09,11.3,,1.0,1.0,1.0,100.0,cash_generation,viable,
ORLY,O'Reilly Automotive,Consumer Discretionary,10,2016-12-31,2025-12-31,2026-06-30,10/10,10/10,yes,1.9,2025-12-31,3.29,2.95,0.26,,6.7,1.94,0.55,0.2,,1.0,1.0,0.98,99.2,debt_service,viable,
OTIS,Otis Worldwide,Industrials,8,2018-12-31,2025-12-31,2026-06-30,8/8,8/8,yes,1.5,2022-12-31,1.87,1.7,0.81,,10.9,1.39,0.52,0.8,,1.0,1.0,0.98,99.3,debt_service,viable,
OXY,Occidental Petroleum,Energy,10,2016-12-31,2025-12-31,2026-06-30,10/10,8/10,yes,6.2,2023-12-31,10.98,5.99,4.15,,9.0,0.2,0.01,,,0.92,1.0,1.0,97.1,cash_generation,viable,
PANW,Palo Alto Networks,Information Technology,10,2017-07-31,2026-07-31,2026-07-31,10/10,10/10,yes,0.3,2020-07-31,4.55,4.41,3.07,,0.0,,,3.7,,1.0,1.0,1.0,100.0,cash_generation,viable,
PAYX,Paychex,Industrials,10,2017-05-31,2026-05-31,2026-05-31,10/10,10/10,yes,2.1,2021-05-31,2.56,2.22,1.12,,9.5,0.0,0.0,3.8,,1.0,1.0,1.0,100.0,cash_generation,viable,
PCAR,Paccar,Industrials,10,2016-12-31,2025-12-31,2026-06-30,10/10,10/10,yes,2.8,2021-12-31,4.34,3.11,,,13.8,,,,,1.0,1.0,0.91,96.8,debt_service,viable,
PCG,PG&E Corporation,Utilities,10,2016-12-31,2025-12-31,2026-06-30,9/10,,yes,28.1,2020-12-31,8.15,-32.63,0.97,0.03,25.4,2.45,0.27,0.6,,0.9,0.0,0.81,24.4,shock_absorption,at risk,
PEG,Public Service Enterprise Group,Utilities,10,2016-12-31,2025-12-31,2026-06-30,10/10,3/3,yes,3.3,2024-12-31,3.59,1.65,0.19,,21.9,1.8,0.48,0.3,,1.0,1.0,0.85,94.8,debt_service,viable,
PEP,PepsiCo,Consumer Staples,10,2016-12-31,2025-12-27,2026-06-13,10/10,10/10,yes,0.9,2024-12-28,13.46,12.41,10.72,,11.5,18.3,0.76,1.6,,1.0,1.0,0.85,94.8,debt_service,viable,
PFE,Pfizer,Health Care,10,2016-12-31,2025-12-31,2026-06-28,10/10,10/10,yes,10.4,2023-12-31,13.4,-7.58,8.26,1.09,17.3,2.7,0.12,,,1.0,1.0,0.91,96.9,debt_service,viable,
PFG,Principal Financial Group,Financials,10,2016-12-31,2025-12-31,,,,,,,,,,,,,,,,,,,,,not assessable,Financials sector excluded by this model; sector-specific measures are needed
PG,Procter & Gamble,Consumer Staples,10,2017-06-30,2026-06-30,2026-06-30,10/10,10/10,yes,1.7,2025-06-30,19.56,17.46,9.94,,4.2,11.3,0.38,1.9,,1.0,1.0,1.0,100.0,cash_generation,viable,
PGR,Progressive Corporation,Financials,10,2016-12-31,2025-12-31,,,,,,,,,,,,,,,,,,,,,not assessable,Financials sector excluded by this model; sector-specific measures are needed
PH,Parker Hannifin,Industrials,10,2017-06-30,2026-06-30,2026-06-30,10/10,10/10,yes,0.7,2022-06-30,4.36,4.16,0.5,,8.1,0.71,0.15,0.4,,1.0,1.0,1.0,100.0,cash_generation,viable,
PHM,PulteGroup,Consumer Discretionary,10,2016-12-31,2025-12-31,2026-06-30,10/10,10/10,yes,6.4,2021-12-31,1.63,0.46,1.34,,0.6,,,,,1.0,1.0,1.0,100.0,cash_generation,viable,
PKG,Packaging Corporation of America,Materials,10,2016-12-31,2025-12-31,2026-06-30,10/10,10/10,yes,2.4,2020-12-31,1.62,1.36,0.59,,7.5,0.0,0.0,0.9,,1.0,1.0,1.0,100.0,cash_generation,viable,
PLD,Prologis,Real Estate,10,2016-12-31,2025-12-31,2026-03-31,10/10,10/10,yes,0.5,2024-12-31,5.14,4.65,0.86,,14.9,2.12,0.35,6.7,,1.0,1.0,0.94,97.9,debt_service,viable,
PLTR,Palantir Technologies,Information Technology,8,2018-12-31,2025-12-31,2026-06-30,5/8,5/8,yes,8.2,2020-12-31,3.4,2.44,9.41,,0.0,,,32.3,,0.52,1.0,1.0,80.5,cash_generation,strained,
PM,Philip Morris International,Consumer Staples,10,2016-12-31,2025-12-31,2026-06-30,10/10,10/10,yes,2.8,2022-12-31,14.26,12.34,6.0,,10.6,6.75,0.33,2.9,,1.0,1.0,0.99,99.8,debt_service,viable,
PNC,PNC Financial Services,Financials,10,2016-12-31,2025-12-31,,,,,,,,,,,,,,,,,,,,,not assessable,Financials sector excluded by this model; sector-specific measures are needed
PNR,Pentair,Industrials,10,2016-12-31,2025-12-31,2026-03-31,10/10,10/10,yes,5.3,2022-12-31,0.79,0.41,0.07,,9.2,0.57,0.67,0.2,,1.0,1.0,0.91,97.0,debt_service,viable,
PNW,Pinnacle West Capital,Utilities,10,2016-12-31,2025-12-31,2026-06-30,10/10,10/10,yes,1.8,2019-12-31,1.77,1.18,0.01,,19.3,1.59,0.9,0.0,,1.0,1.0,0.69,88.2,debt_service,viable,
PODD,Insulet Corporation,Health Care,10,2016-12-31,2025-12-31,2026-06-30,9/10,9/10,yes,8.1,2021-12-31,0.51,0.25,0.53,,9.0,0.02,0.02,2.6,,0.93,1.0,1.0,97.7,cash_generation,viable,
PPG,PPG Industries,Materials,10,2016-12-31,2025-12-31,2026-03-31,10/10,10/10,yes,4.6,2024-12-31,1.99,0.98,1.62,,11.5,0.74,0.2,1.5,,1.0,1.0,0.98,99.4,debt_service,viable,
PPL,PPL Corporation,Utilities,10,2016-12-31,2025-12-31,2026-03-31,10/10,10/10,yes,1.6,2022-12-31,2.67,1.92,1.24,,21.8,1.21,0.31,2.5,,1.0,1.0,0.85,94.8,debt_service,viable,
PRU,Prudential Financial,Financials,10,2016-12-31,2025-12-31,,,,,,,,,,,,,,,,,,,,,not assessable,Financials sector excluded by this model; sector-specific measures are needed
PSA,Public Storage,Real Estate,10,2016-12-31,2025-12-31,2026-06-30,10/10,10/10,yes,0.6,2024-12-31,3.17,3.05,0.26,,8.0,1.2,0.35,1.7,,1.0,1.0,1.0,100.0,cash_generation,viable,
PSKY,Paramount Skydance Corporation,Communication Services,2,2023-12-31,2024-12-31,2026-06-30,2/2,2/2,yes,,,1.02,,1.63,,47.1,0.67,0.25,0.8,,1.0,,0.54,73.3,debt_service,strained,only 2 fiscal year(s) of history; missing: shock_absorption
PSX,Phillips 66,Energy,10,2016-12-31,2025-12-31,2026-06-30,10/10,10/10,yes,5.1,2019-12-31,8.93,4.76,4.1,,9.8,1.8,0.14,,,1.0,1.0,1.0,100.0,cash_generation,viable,
PTC,PTC Inc.,Information Technology,10,2016-09-30,2025-09-30,2026-06-30,10/10,10/10,yes,2.0,2017-09-30,0.96,0.82,0.35,,,0.03,0.02,2.4,,1.0,1.0,1.0,100.0,cash_generation,viable,
PWR,Quanta Services,Industrials,10,2016-12-31,2025-12-31,2026-06-30,10/10,10/10,yes,6.4,2021-12-31,3.18,1.38,0.51,,7.2,0.68,0.19,0.2,,1.0,1.0,1.0,100.0,cash_generation,viable,
PYPL,PayPal,Financials,10,2016-12-31,2025-12-31,,,,,,,,,,,,,,,,,,,,,not assessable,Financials sector excluded by this model; sector-specific measures are needed
Q,Qnity Electronics,Information Technology,3,2023-12-31,2025-12-31,2026-06-30,3/3,3/3,yes,0.0,2025-12-31,1.17,,0.96,,,0.02,0.01,,,1.0,,1.0,100.0,cash_generation,viable,missing: shock_absorption
QCOM,Qualcomm,Information Technology,10,2016-09-25,2025-09-28,2026-06-28,10/10,10/10,yes,5.0,2017-09-24,12.4,9.52,8.3,,0.1,2.49,0.12,3.1,,1.0,1.0,1.0,100.0,cash_generation,viable,
RCL,Royal Caribbean Group,Consumer Discretionary,10,2016-12-31,2025-12-31,2026-06-30,8/10,7/10,yes,24.6,2020-12-31,6.79,-4.18,0.88,0.21,11.2,1.57,0.21,0.9,,0.7,0.0,0.99,24.0,shock_absorption,at risk,
RDDT,Reddit,Communication Services,4,2022-12-31,2025-12-31,2026-06-30,2/4,2/4,partly,0.0,2024-12-31,1.03,1.03,2.79,,,,,16.9,,0.17,1.0,,40.8,cash_generation,at risk,missing: debt_service
REG,Regency Centers,Real Estate,9,2017-12-31,2025-12-31,2026-03-31,9/9,9/9,yes,1.1,2020-12-31,0.82,0.68,0.15,,19.2,0.76,0.79,72.6,,1.0,1.0,0.74,90.5,debt_service,viable,
REGN,Regeneron Pharmaceuticals,Health Care,10,2016-12-31,2025-12-31,2026-06-30,10/10,10/10,yes,8.1,2022-12-31,4.68,1.29,7.99,,0.9,,,8.6,,1.0,1.0,1.0,100.0,cash_generation,viable,
RF,Regions Financial Corporation,Financials,10,2016-12-31,2025-12-31,,,,,,,,,,,,,,,,,,,,,not assessable,Financials sector excluded by this model; sector-specific measures are needed
RJF,Raymond James Financial,Financials,10,2016-09-30,2025-09-30,,,,,,,,,,,,,,,,,,,,,not assessable,Financials sector excluded by this model; sector-specific measures are needed
RL,Ralph Lauren Corporation,Consumer Discretionary,10,2017-04-01,2026-03-28,2026-06-27,10/10,10/10,yes,5.1,2021-03-27,1.32,0.92,1.94,,4.2,0.0,0.0,3.4,,1.0,1.0,1.0,100.0,cash_generation,viable,
RMD,ResMed|,Health Care,10,2017-06-30,2026-06-30,2026-06-30,10/10,10/10,yes,8.2,2022-06-30,1.81,1.07,1.47,,1.5,0.26,0.08,4.9,,1.0,1.0,1.0,100.0,cash_generation,viable,
ROK,Rockwell Automation,Industrials,10,2016-09-30,2025-09-30,2026-06-30,10/10,10/10,yes,4.5,2024-09-30,1.73,1.23,0.48,,8.3,0.69,0.31,0.9,,1.0,1.0,1.0,100.0,cash_generation,viable,
ROL,"Rollins, Inc.",Industrials,10,2016-12-31,2025-12-31,2026-06-30,10/10,10/10,yes,1.8,2021-12-31,0.65,0.59,0.11,,4.8,0.22,0.29,0.4,,1.0,1.0,1.0,100.0,cash_generation,viable,
ROP,Roper Technologies,Information Technology,10,2016-12-31,2025-12-31,2026-06-30,10/10,10/10,yes,5.4,2022-12-31,2.67,0.77,0.36,,10.3,0.72,0.24,0.7,,1.0,1.0,1.0,99.9,debt_service,viable,
ROST,Ross Stores,Consumer Discretionary,10,2017-01-28,2026-01-31,2026-08-01,10/10,10/10,yes,4.0,2022-01-29,3.66,3.02,4.29,,1.1,0.24,0.03,2.5,,1.0,1.0,1.0,100.0,cash_generation,viable,
RSG,Republic Services,Industrials,10,2016-12-31,2025-12-31,2026-06-30,10/10,10/10,yes,0.0,2017-12-31,4.54,4.54,0.11,,9.9,0.55,0.12,0.1,,1.0,1.0,1.0,100.0,cash_generation,viable,
RTX,RTX Corporation,Industrials,10,2016-12-31,2025-12-31,2026-06-30,10/10,10/10,yes,4.6,2017-12-31,14.21,6.2,9.02,,11.6,5.53,0.24,1.4,,1.0,1.0,0.98,99.3,debt_service,viable,
RVTY,Revvity,Health Care,10,2017-01-01,2025-12-28,2026-07-05,10/10,9/10,yes,4.9,2023-01-01,0.63,0.04,1.02,,12.1,0.57,0.35,5.7,,1.0,1.0,0.97,99.1,debt_service,viable,
SBAC,SBA Communications,Real Estate,10,2016-12-31,2025-12-31,2026-06-30,10/10,10/10,yes,2.1,2024-12-31,1.28,1.04,0.36,,28.5,3.58,2.18,3.6,,1.0,1.0,0.27,64.6,debt_service,strained,
SBUX,Starbucks,Consumer Discretionary,10,2016-10-02,2025-09-28,2026-06-28,10/10,10/10,yes,28.5,2019-09-29,4.99,-3.09,3.61,1.17,11.6,1.5,0.17,1.3,10.35,1.0,1.0,0.98,99.3,debt_service,viable,
SCHW,Charles Schwab Corporation,Financials,10,2016-12-31,2025-12-31,,,,,,,,,,,,,,,,,,,,,not assessable,Financials sector excluded by this model; sector-specific measures are needed
SHW,Sherwin-Williams,Materials,10,2016-12-31,2025-12-31,2026-06-30,10/10,10/10,yes,5.7,2021-12-31,3.89,2.35,0.29,,11.6,3.74,0.9,0.2,,1.0,1.0,0.78,92.1,debt_service,viable,
SJM,J.M. Smucker Company (The),Consumer Staples,10,2017-04-30,2026-04-30,2026-07-31,10/10,10/10,yes,2.6,2022-04-30,1.91,1.48,0.04,,16.2,0.34,0.18,0.1,,1.0,1.0,0.92,97.3,debt_service,viable,
SLB,Schlumberger,Energy,10,2016-12-31,2025-12-31,2026-06-30,10/10,10/10,yes,4.4,2020-12-31,6.53,4.08,,,7.9,,,,,1.0,1.0,1.0,100.0,cash_generation,viable,
SMCI,Supermicro,Information Technology,10,2017-06-30,2026-06-30,2026-06-30,5/10,5/10,no,85.7,2024-06-30,-6.81,-32.48,7.54,0.23,100.0,2.04,0.27,2.5,,0.0,0.0,0.5,5.8,cash_generation,at risk,
SNA,Snap-on,Industrials,10,2016-12-31,2026-01-03,2026-07-04,10/10,10/10,yes,4.3,2022-12-31,1.19,0.81,1.64,,3.6,,,5.1,,1.0,1.0,1.0,100.0,cash_generation,viable,
SNDK,Sandisk,Information Technology,4,2023-06-30,2026-07-03,2026-07-03,2/4,1/4,partly,0.0,2025-06-27,11.67,11.67,4.76,,1.0,0.0,0.0,7.4,,0.17,1.0,1.0,55.0,cash_generation,at risk,
SNPS,Synopsys,Information Technology,10,2016-10-31,2025-10-31,2026-07-31,10/10,10/10,yes,3.9,2018-10-31,2.94,1.1,3.61,,10.7,1.02,0.16,6.4,,1.0,1.0,0.99,99.7,debt_service,viable,
SO,Southern Company,Utilities,10,2016-12-31,2025-12-31,2026-03-31,10/10,10/10,yes,1.0,2019-12-31,9.78,8.21,0.98,,22.5,7.37,0.69,0.7,,1.0,1.0,0.75,90.9,debt_service,viable,
SOLV,Solventum,Health Care,4,2022-12-31,2025-12-31,2026-06-30,4/4,3/4,yes,5.6,2025-12-31,0.21,-0.59,0.4,0.68,67.9,0.51,0.83,0.8,,0.88,0.57,0.34,55.2,debt_service,strained,
SPG,Simon Property Group,Real Estate,10,2016-12-31,2025-12-31,2026-06-30,10/10,10/10,yes,4.7,2020-12-31,4.12,2.24,1.02,,18.7,5.91,1.15,6.2,,1.0,1.0,0.57,82.8,debt_service,strained,
SPGI,S&P Global,Financials,10,2016-12-31,2025-12-31,,,,,,,,,,,,,,,,,,,,,not assessable,Financials sector excluded by this model; sector-specific measures are needed
SRE,Sempra,Utilities,10,2016-12-31,2025-12-31,2026-03-31,10/10,9/10,yes,3.7,2022-12-31,4.89,0.64,0.79,,22.9,5.59,0.98,,,1.0,1.0,0.6,84.3,debt_service,strained,
STE,Steris,Health Care,10,2017-03-31,2026-03-31,2026-06-30,10/10,10/10,yes,0.1,2022-03-31,1.29,1.28,0.48,,4.8,0.24,0.14,1.3,,1.0,1.0,1.0,100.0,cash_generation,viable,
STLD,Steel Dynamics,Materials,10,2016-12-31,2025-12-31,2026-06-30,10/10,10/10,yes,11.2,2024-12-31,1.57,-0.35,0.57,1.61,10.6,0.0,0.0,0.4,,1.0,1.0,0.99,99.7,debt_service,viable,
STT,State Street Corporation,Financials,10,2016-12-31,2025-12-31,,,,,,,,,,,,,,,,,,,,,not assessable,Financials sector excluded by this model; sector-specific measures are needed
STX,Seagate Technology,Information Technology,10,2017-06-30,2026-07-03,2026-07-03,10/10,10/10,yes,8.0,2023-06-30,3.67,2.88,1.7,,7.1,0.18,0.03,2.6,,1.0,1.0,1.0,100.0,cash_generation,viable,
STZ,Constellation Brands,Consumer Staples,10,2017-02-28,2026-02-28,2026-05-31,10/10,10/10,yes,2.2,2026-02-28,2.69,2.2,0.1,,11.4,1.44,0.52,0.2,,1.0,1.0,0.97,99.2,debt_service,viable,
SW,Smurfit Westrock,Materials,4,2022-12-31,2025-12-31,2026-06-30,4/4,4/4,yes,0.5,2024-12-31,3.3,3.05,0.68,,,0.93,0.23,0.3,,1.0,1.0,1.0,100.0,cash_generation,viable,
SWK,Stanley Black & Decker,Industrials,10,2016-12-31,2026-01-03,2026-07-04,9/10,9/10,yes,7.5,2022-12-31,1.55,0.04,0.59,,25.1,0.05,0.03,0.5,,0.93,1.0,0.81,91.1,debt_service,viable,
SWKS,Skyworks Solutions,Information Technology,10,2016-09-30,2025-10-03,2026-07-03,10/10,10/10,yes,6.3,2025-10-03,0.72,0.25,0.8,,3.4,0.0,0.0,2.8,,1.0,1.0,1.0,100.0,cash_generation,viable,
SYF,Synchrony Financial,Financials,10,2016-12-31,2025-12-31,,,,,,,,,,,,,,,,,,,,,not assessable,Financials sector excluded by this model; sector-specific measures are needed
SYK,Stryker Corporation,Health Care,10,2016-12-31,2025-12-31,2026-06-30,10/10,10/10,yes,1.8,2022-12-31,5.53,4.64,3.48,,9.5,0.75,0.08,2.2,,1.0,1.0,1.0,100.0,cash_generation,viable,
SYY,Sysco,Consumer Staples,10,2017-07-01,2026-06-27,2026-06-27,10/10,10/10,yes,4.4,2020-06-27,2.64,1.39,1.8,,20.3,1.2,0.27,0.3,,1.0,1.0,0.87,95.5,debt_service,viable,
T,AT&T,Communication Services,10,2016-12-31,2025-12-31,2026-06-30,10/10,10/10,yes,1.1,2022-12-31,37.3,32.53,17.57,,16.9,9.32,0.17,2.6,,1.0,1.0,0.91,97.1,debt_service,viable,
TAP,Molson Coors Beverage Company,Consumer Staples,10,2016-12-31,2025-12-31,2026-06-30,10/10,10/10,yes,1.4,2019-12-31,1.98,1.63,2.13,,11.0,2.04,0.5,1.7,,1.0,1.0,0.99,99.6,debt_service,viable,
TDG,TransDigm Group,Industrials,10,2016-09-30,2025-09-30,2026-06-27,10/10,10/10,yes,1.6,2021-09-30,2.2,1.76,2.77,,44.8,0.14,0.03,6.7,,1.0,1.0,0.57,82.7,debt_service,strained,
TDY,Teledyne Technologies,Information Technology,10,2017-01-01,2025-12-28,2026-06-28,10/10,10/10,yes,2.3,2023-01-01,1.27,0.91,0.34,,5.3,0.0,0.0,0.9,,1.0,1.0,1.0,100.0,cash_generation,viable,
TECH,Bio-Techne,Health Care,10,2017-06-30,2026-06-30,2026-06-30,10/10,10/10,yes,3.1,2023-06-30,0.29,0.21,0.26,,4.7,,,3.7,,1.0,1.0,1.0,100.0,cash_generation,viable,
TEL,TE Connectivity,Information Technology,10,2016-09-30,2025-09-26,2026-06-26,10/10,10/10,yes,2.2,2020-09-25,4.42,3.85,1.24,,0.8,0.1,0.02,1.0,3.85,1.0,1.0,1.0,100.0,cash_generation,viable,
TER,Teradyne,Information Technology,10,2016-12-31,2025-12-31,2026-06-28,10/10,10/10,yes,13.7,2022-12-31,1.06,0.39,0.35,,0.3,0.0,0.0,1.4,,1.0,1.0,1.0,100.0,cash_generation,viable,
TFC,Truist Financial,Financials,10,2016-12-31,2025-12-31,,,,,,,,,,,,,,,,,,,,,not assessable,Financials sector excluded by this model; sector-specific measures are needed
TGT,Target Corporation,Consumer Staples,10,2017-01-28,2026-01-31,2026-08-01,10/10,10/10,yes,8.6,2023-01-28,8.72,3.48,5.41,,6.7,1.14,0.08,0.7,,1.0,1.0,1.0,100.0,cash_generation,viable,
TJX,TJX Companies,Consumer Discretionary,10,2017-01-28,2026-01-31,2026-08-01,10/10,10/10,yes,4.9,2022-01-29,8.03,6.22,6.0,,0.9,1.0,0.07,1.3,,1.0,1.0,1.0,100.0,cash_generation,viable,
TKO,TKO Group Holdings,Communication Services,5,2021-12-31,2025-12-31,2026-06-30,5/5,5/5,yes,2.2,2023-12-31,1.8,1.44,0.59,,12.1,0.05,0.02,1.9,,1.0,1.0,0.97,99.1,debt_service,viable,
TMO,Thermo Fisher Scientific,Health Care,10,2016-12-31,2025-12-31,2026-06-27,10/10,10/10,yes,0.9,2025-12-31,9.01,8.03,4.06,,15.2,3.37,0.26,1.3,,1.0,1.0,0.94,97.8,debt_service,viable,
TMUS,T-Mobile US,Communication Services,10,2016-12-31,2025-12-31,2026-06-30,10/10,5/10,yes,0.0,2017-12-31,28.83,28.83,2.83,,12.5,6.12,0.19,0.6,,0.67,1.0,0.97,86.4,cash_generation,viable,
TPL,Texas Pacific Land Corporation,Energy,8,2018-12-31,2025-12-31,2026-06-30,8/8,8/8,yes,22.7,2020-12-31,0.6,0.18,0.25,,0.4,,,18.9,0.06,1.0,1.0,1.0,100.0,cash_generation,viable,
TPR,"Tapestry, Inc.",Consumer Discretionary,10,2017-07-01,2026-06-27,2026-06-27,10/10,9/10,yes,5.6,2022-07-02,1.98,1.6,1.15,,10.9,0.0,0.0,2.3,,1.0,1.0,0.99,99.6,debt_service,viable,
TRGP,Targa Resources,Energy,10,2016-12-31,2025-12-31,2026-06-30,10/10,10/10,yes,0.0,2017-12-31,4.29,4.29,0.13,,16.5,0.68,0.15,0.1,,1.0,1.0,0.92,97.2,debt_service,viable,
TRMB,Trimble Inc.,Information Technology,10,2016-12-30,2026-01-02,2026-07-03,10/10,10/10,yes,5.1,2022-12-30,0.8,0.37,0.21,,9.3,0.02,0.02,0.9,,1.0,1.0,1.0,100.0,cash_generation,viable,
TROW,T. Rowe Price,Financials,10,2016-12-31,2025-12-31,,,,,,,,,,,,,,,,,,,,,not assessable,Financials sector excluded by this model; sector-specific measures are needed
TRV,Travelers Companies (The),Financials,10,2016-12-31,2025-12-31,,,,,,,,,,,,,,,,,,,,,not assessable,Financials sector excluded by this model; sector-specific measures are needed
TSCO,Tractor Supply,Consumer Discretionary,10,2016-12-31,2025-12-27,2026-06-27,10/10,10/10,yes,3.6,2021-12-25,1.29,0.84,0.23,,4.9,,,0.2,,1.0,1.0,1.0,100.0,cash_generation,viable,
TSLA,"Tesla, Inc.",Consumer Discretionary,10,2016-12-31,2025-12-31,2026-06-30,8/10,8/10,yes,1.8,2023-12-31,18.68,16.04,43.52,,1.5,1.34,0.02,5.6,,0.78,1.0,1.0,92.2,cash_generation,viable,
TSN,Tyson Foods,Consumer Staples,10,2016-10-01,2025-09-27,2026-06-27,10/10,10/10,yes,3.2,2022-10-01,2.0,0.87,0.74,,16.7,1.43,0.52,0.2,,1.0,1.0,0.91,96.8,debt_service,viable,
TT,Trane Technologies,Industrials,10,2016-12-31,2025-12-31,2026-06-30,10/10,10/10,yes,2.4,2020-12-31,3.88,3.31,,,5.4,0.69,,,,1.0,1.0,1.0,100.0,cash_generation,viable,
TTD,Trade Desk (The),Communication Services,10,2016-12-31,2025-12-31,2026-06-30,10/10,10/10,yes,8.1,2017-12-31,1.08,0.61,1.49,,0.1,,,7.8,,1.0,1.0,1.0,100.0,cash_generation,viable,
TTWO,Take-Two Interactive,Communication Services,10,2017-03-31,2026-03-31,2026-06-30,8/10,7/10,partly,10.9,2022-03-31,0.5,-0.48,1.83,3.78,23.4,0.63,0.27,3.3,,0.53,1.0,0.83,76.3,cash_generation,strained,
TXN,Texas Instruments,Information Technology,10,2016-12-31,2025-12-31,2026-06-30,10/10,10/10,yes,8.5,2023-12-31,8.67,5.63,7.0,,5.9,1.15,0.07,8.3,,1.0,1.0,1.0,100.0,cash_generation,viable,
TXT,Textron,Industrials,10,2016-12-31,2026-01-03,2026-07-04,10/10,10/10,yes,1.6,2021-01-02,1.24,0.94,1.61,,,0.01,0.0,1.4,,1.0,1.0,1.0,100.0,cash_generation,viable,
TYL,Tyler Technologies,Information Technology,10,2016-12-31,2025-12-31,2026-06-30,10/10,10/10,yes,0.0,2023-12-31,0.73,0.73,0.97,,0.4,,,6.1,,1.0,1.0,1.0,100.0,cash_generation,viable,
UAL,United Airlines Holdings,Industrials,10,2016-12-31,2025-12-31,2026-06-30,9/10,8/10,yes,21.0,2020-12-31,8.91,-8.84,16.64,1.88,13.0,2.17,0.08,3.6,18.33,0.85,1.0,0.96,93.5,cash_generation,viable,
UBER,Uber,Industrials,9,2017-12-31,2025-12-31,2026-06-30,4/9,3/9,yes,11.6,2019-12-31,10.42,2.8,5.39,,3.7,2.0,0.13,1.4,,0.33,1.0,1.0,69.3,cash_generation,strained,
UDR,"UDR, Inc.",Real Estate,10,2016-12-31,2025-12-31,2026-03-31,10/10,9/10,yes,0.3,2020-12-31,0.88,0.85,0.0,,17.8,0.32,0.36,0.0,0.06,1.0,1.0,0.9,96.6,debt_service,viable,
UHS,Universal Health Services,Health Care,10,2016-12-31,2025-12-31,2026-06-30,10/10,10/10,yes,11.0,2021-12-31,1.8,0.05,0.14,,7.8,0.77,0.4,0.1,8.35,1.0,1.0,1.0,100.0,cash_generation,viable,
ULTA,Ulta Beauty,Consumer Discretionary,10,2017-01-28,2026-01-31,2026-08-01,10/10,10/10,yes,6.0,2021-01-30,1.57,1.15,0.21,,0.6,0.34,0.19,0.2,,1.0,1.0,1.0,100.0,cash_generation,viable,
UNH,UnitedHealth Group,Health Care,10,2016-12-31,2025-12-31,2026-06-30,10/10,10/10,yes,1.8,2024-12-31,27.02,21.51,31.47,,13.0,3.83,0.07,0.9,,1.0,1.0,0.96,98.7,debt_service,viable,
UNP,Union Pacific Corporation,Industrials,10,2016-12-31,2025-12-31,2026-06-30,10/10,10/10,yes,1.5,2023-12-31,10.26,9.19,1.61,,11.5,1.29,0.11,1.5,4.9,1.0,1.0,0.98,99.4,debt_service,viable,
UPS,United Parcel Service,Industrials,10,2016-12-31,2025-12-31,2026-06-30,10/10,9/10,yes,12.3,2017-12-31,8.87,0.09,4.65,,10.0,0.63,0.05,0.7,49.35,1.0,1.0,1.0,100.0,debt_service,viable,
URI,United Rentals,Industrials,10,2016-12-31,2025-12-31,2026-03-31,10/10,10/10,yes,1.9,2020-12-31,5.28,4.7,0.16,,11.4,1.62,0.3,0.2,,1.0,1.0,0.98,99.4,debt_service,viable,
USB,U.S. Bancorp,Financials,10,2016-12-31,2025-12-31,,,,,,,,,,,,,,,,,,,,,not assessable,Financials sector excluded by this model; sector-specific measures are needed
V,Visa Inc.,Financials,10,2016-09-30,2025-09-30,,,,,,,,,,,,,,,,,,,,,not assessable,Financials sector excluded by this model; sector-specific measures are needed
VEEV,Veeva Systems,Health Care,10,2017-01-31,2026-01-31,2026-07-31,10/10,8/8,yes,0.0,2018-01-31,1.67,1.67,7.24,,,,,36.0,,1.0,1.0,,100.0,cash_generation,viable,missing: debt_service
VICI,Vici Properties,Real Estate,8,2018-12-31,2025-12-31,2026-06-30,8/8,8/8,yes,0.0,2019-12-31,2.64,2.64,0.29,,23.1,1.5,0.51,0.9,,1.0,1.0,0.83,94.0,debt_service,viable,
VLO,Valero Energy,Energy,10,2016-12-31,2025-12-31,2026-06-30,10/10,10/10,yes,8.5,2020-12-31,10.91,5.41,7.87,,4.7,0.93,0.05,0.7,,1.0,1.0,1.0,100.0,cash_generation,viable,
VLTO,Veralto,Industrials,5,2021-12-31,2025-12-31,2026-04-03,5/5,5/5,yes,1.5,2024-12-31,1.1,0.98,1.43,,11.1,0.7,0.28,4.1,,1.0,1.0,0.99,99.5,debt_service,viable,
VMC,Vulcan Materials Company,Materials,10,2016-12-31,2025-12-31,2026-03-31,10/10,10/10,yes,0.9,2024-12-31,1.8,1.66,0.14,,11.4,0.2,0.1,0.3,,1.0,1.0,0.98,99.4,debt_service,viable,
VMRK,Vivmark Residential,Real Estate,10,2016-12-31,2025-12-31,2026-06-30,10/10,10/10,yes,0.9,2020-12-31,1.57,1.38,0.04,,15.3,2.69,1.68,0.8,,1.0,1.0,0.43,75.7,debt_service,strained,
VRSK,Verisk Analytics,Industrials,10,2016-12-31,2025-12-31,2026-03-31,10/10,10/10,yes,1.2,2022-12-31,1.38,1.32,0.52,,12.6,0.26,0.14,4.3,,1.0,1.0,0.97,98.9,debt_service,viable,
VRSN,Verisign,Information Technology,10,2016-12-31,2025-12-31,2026-06-30,10/10,10/10,yes,1.3,2020-12-31,1.1,1.08,1.03,,6.2,,,23.8,0.25,1.0,1.0,1.0,100.0,cash_generation,viable,
VRT,Vertiv,Industrials,9,2016-12-31,2025-12-31,2026-06-30,6/9,4/8,yes,5.2,2022-12-31,3.35,2.52,2.81,,3.6,0.0,0.0,3.8,,0.44,1.0,1.0,76.3,cash_generation,strained,
VRTX,Vertex Pharmaceuticals,Health Care,10,2016-12-31,2025-12-31,2026-06-30,9/10,9/10,partly,17.7,2024-12-31,4.29,-0.57,7.85,13.8,0.3,,,12.4,,0.77,1.0,1.0,91.5,cash_generation,viable,
VST,Vistra Corp.,Utilities,9,2017-12-31,2025-12-31,2026-06-30,8/9,7/9,yes,14.1,2021-12-31,5.12,-0.87,0.43,0.5,18.2,1.88,0.34,0.4,,0.82,0.34,0.9,62.9,shock_absorption,strained,
VTR,Ventas,Real Estate,10,2016-12-31,2025-12-31,2026-06-30,10/10,7/10,yes,1.8,2021-12-31,1.8,1.28,0.2,,24.3,1.0,0.5,0.6,,0.83,1.0,0.82,88.1,debt_service,viable,
VTRS,Viatris,Health Care,8,2018-12-31,2025-12-31,2026-06-30,8/8,2/8,yes,1.8,2020-12-31,2.33,1.69,0.89,,17.4,1.74,0.54,0.9,,0.67,1.0,0.89,83.9,cash_generation,viable,
VZ,Verizon,Communication Services,10,2016-12-31,2025-12-31,2026-06-30,10/10,10/10,yes,0.7,2021-12-31,38.8,35.91,1.75,,13.0,21.78,0.54,0.2,,1.0,1.0,0.94,98.1,debt_service,viable,
WAB,Wabtec,Industrials,10,2016-12-31,2025-12-31,2026-06-30,10/10,10/10,yes,4.0,2017-12-31,2.0,1.08,0.67,,9.9,1.66,0.62,0.8,,1.0,1.0,0.94,98.0,debt_service,viable,
WAT,Waters Corporation,Health Care,10,2016-12-31,2025-12-31,2026-07-04,10/10,10/10,yes,4.4,2022-12-31,0.55,-0.53,0.54,1.01,7.5,0.46,0.42,1.5,0.65,1.0,1.0,1.0,100.0,cash_generation,viable,
WBD,Warner Bros. Discovery,Communication Services,10,2016-12-31,2025-12-31,2026-06-30,10/10,6/10,yes,2.0,2020-12-31,3.42,1.52,3.37,,40.1,1.49,0.22,1.3,,0.75,1.0,0.62,77.6,debt_service,viable,
WDAY,"Workday, Inc.",Information Technology,10,2017-01-31,2026-01-31,2026-07-31,10/10,10/10,yes,0.0,2018-01-31,3.08,3.08,3.4,,3.4,1.0,0.15,4.6,,1.0,1.0,1.0,100.0,cash_generation,viable,
WDC,Western Digital,Information Technology,10,2017-06-30,2026-07-03,2026-07-03,8/10,6/10,partly,9.1,2019-06-28,3.93,2.67,1.58,,4.1,1.05,0.19,2.3,,0.45,1.0,1.0,76.6,cash_generation,strained,
WEC,WEC Energy Group,Utilities,10,2016-12-31,2025-12-31,2026-06-30,10/10,10/10,yes,0.4,2021-12-31,3.57,3.34,0.05,,19.6,3.35,0.92,0.1,,1.0,1.0,0.67,87.4,debt_service,viable,
WELL,Welltower,Real Estate,10,2016-12-31,2025-12-31,2026-03-31,10/10,10/10,yes,0.7,2017-12-31,2.95,2.48,4.7,,18.4,1.07,0.14,5.7,4.2,1.0,1.0,0.89,96.4,debt_service,viable,
WFC,Wells Fargo,Financials,10,2016-12-31,2025-12-31,,,,,,,,,,,,,,,,,,,,,not assessable,Financials sector excluded by this model; sector-specific measures are needed
WM,Waste Management,Industrials,10,2016-12-31,2025-12-31,2026-06-30,10/10,10/10,yes,1.7,2020-12-31,6.52,5.73,0.56,,12.5,1.07,0.15,0.4,,1.0,1.0,0.97,99.0,debt_service,viable,
WMB,Williams Companies,Energy,10,2016-12-31,2025-12-31,2026-06-30,10/10,10/10,yes,2.3,2017-12-31,5.99,4.61,0.2,,16.1,2.67,0.43,0.3,,1.0,1.0,0.92,97.4,debt_service,viable,
WMT,Walmart,Consumer Staples,10,2017-01-31,2026-01-31,2026-07-31,10/10,10/10,yes,4.7,2022-01-31,42.92,29.08,11.53,,6.1,13.95,0.26,0.2,,1.0,1.0,1.0,100.0,cash_generation,viable,
WRB,W. R. Berkley Corporation,Financials,10,2016-12-31,2025-12-31,,,,,,,,,,,,,,,,,,,,,not assessable,Financials sector excluded by this model; sector-specific measures are needed
WSM,"Williams-Sonoma, Inc.",Consumer Discretionary,10,2017-01-29,2026-02-01,2026-08-02,10/10,10/10,yes,6.9,2023-01-29,1.61,1.23,1.03,,0.0,,,2.0,,1.0,1.0,1.0,100.0,cash_generation,viable,
WST,West Pharmaceutical Services,Health Care,10,2016-12-31,2025-12-31,2026-06-30,10/10,10/10,yes,3.2,2024-12-31,0.66,0.53,0.44,,0.0,0.0,0.0,2.1,,1.0,1.0,1.0,100.0,cash_generation,viable,
WTW,Willis Towers Watson,Financials,10,2016-12-31,2025-12-31,,,,,,,,,,,,,,,,,,,,,not assessable,Financials sector excluded by this model; sector-specific measures are needed
WY,Weyerhaeuser,Real Estate,10,2016-12-31,2025-12-31,2026-06-30,10/10,10/10,yes,8.1,2023-12-31,0.55,-0.79,0.53,0.67,33.3,0.52,0.49,1.2,,1.0,0.56,0.71,73.6,shock_absorption,strained,
WYNN,Wynn Resorts,Consumer Discretionary,10,2016-12-31,2025-12-31,2026-06-30,7/10,7/10,yes,14.2,2020-12-31,1.46,-0.41,1.57,3.81,28.2,1.43,0.47,3.4,,0.63,1.0,0.77,78.8,cash_generation,viable,
XEL,Xcel Energy,Utilities,10,2016-12-31,2025-12-31,2026-06-30,10/10,10/10,yes,1.2,2021-12-31,4.77,3.71,2.01,,22.5,3.51,0.52,4.1,,1.0,1.0,0.84,94.2,debt_service,viable,
XOM,ExxonMobil,Energy,10,2016-12-31,2025-12-31,2026-06-30,10/10,8/10,yes,5.8,2023-12-31,59.73,32.76,10.59,,0.7,10.14,0.14,0.4,,0.92,1.0,1.0,97.1,cash_generation,viable,
XYL,Xylem Inc.,Industrials,10,2016-12-31,2025-12-31,2026-06-30,10/10,10/10,yes,3.3,2021-12-31,1.3,0.73,1.28,,4.3,0.53,0.21,2.0,0.01,1.0,1.0,1.0,100.0,cash_generation,viable,
XYZ,"Block, Inc.",Financials,10,2016-12-31,2025-12-31,,,,,,,,,,,,,,,,,,,,,not assessable,Financials sector excluded by this model; sector-specific measures are needed
YUM,Yum! Brands,Consumer Discretionary,10,2015-12-26,2025-12-31,2026-06-30,10/10,9/9,yes,4.7,2022-12-31,2.08,1.68,0.67,,20.6,5.64,2.04,1.4,,1.0,1.0,0.37,71.6,debt_service,strained,
ZBH,Zimmer Biomet,Health Care,10,2016-12-31,2025-12-31,2026-06-30,10/10,10/10,yes,1.5,2020-12-31,1.74,1.39,0.41,,14.6,1.2,0.56,0.8,,1.0,1.0,0.91,97.0,debt_service,viable,
ZBRA,Zebra Technologies,Information Technology,10,2016-12-31,2025-12-31,2026-07-04,9/10,9/10,partly,9.3,2022-12-31,0.98,0.17,0.16,,12.9,2.27,2.0,0.4,,0.77,1.0,0.46,70.8,debt_service,strained,
ZTS,Zoetis,Health Care,10,2016-12-31,2025-12-31,2026-06-30,10/10,10/10,yes,2.2,2022-12-31,2.84,2.51,1.68,,8.7,0.75,0.17,4.6,,1.0,1.0,1.0,100.0,cash_generation,viable,
