ticker,company,gics_sector,intensity_cagr,absolute_cagr,intensity_illusion,illusion_gap,base_year_ratio,match_confidence,years_observed,base_year_flag,flags
LIN,Linde plc,Materials,-0.11398905681640836,0.010429874224534785,True,0.12441893104094315,1.1336037058008557,0.9709602420402859,6,True,2
TSLA,"Tesla, Inc.",Consumer Discretionary,-0.07804641727428407,0.28644543733270655,True,0.36449185460699063,0.6441489046858861,0.9833333333333334,6,False,1
FANG,Diamondback Energy,Energy,-0.20464214815797666,0.0725396419563229,True,0.27718179011429955,0.5549807042477064,0.975,6,False,1
NRG,NRG Energy,Utilities,-0.3320535230082394,-0.07337560636899687,False,0.25867791663924256,1.2322135339984213,1.0,6,True,1
TRGP,Targa Resources,Energy,-0.10901570629864532,0.04710678997052242,True,0.15612249626916774,0.8634195753143752,1.0,6,False,1
STLD,Steel Dynamics,Materials,-0.11415407650464893,0.02913431962203572,True,0.14328839612668465,0.9960161838478424,1.0,6,False,1
CF,CF Industries,Materials,-0.13036541505671018,0.007519260028531871,True,0.13788467508524205,0.9662046441101473,1.0,6,False,1
BMY,Bristol Myers Squibb,Health Care,-0.1491314382107365,-0.011566885633515378,False,0.1375645525772211,1.2120959382269552,1.0,6,True,1
OKE,Oneok,Energy,-0.10134498206255604,0.028545882242109633,True,0.12989086430466568,0.8814312656557377,0.9990119928761415,6,False,1
OXY,Occidental Petroleum,Energy,-0.042056179697061324,0.0839709999756717,True,0.12602717967273303,0.5503671973868297,0.9895271234701596,6,False,1
WMB,Williams Companies,Energy,-0.1164482546082315,0.005279832689234265,True,0.12172808729746576,0.9897509995063486,0.9003922111480253,6,False,1
MOS,Mosaic Company (The),Materials,-0.12077535986881016,-0.002165627356096378,False,0.11860973251271378,1.1569391674357223,1.0,6,True,1
COP,ConocoPhillips,Energy,-0.09406986560392805,0.022863983106158114,True,0.11693384871008616,0.8808481036642297,1.0,6,False,1
ABBV,AbbVie,Health Care,-0.19774515511027124,-0.090164541119795,False,0.10758061399047625,1.20472188881853,1.0,6,True,1
TMO,Thermo Fisher Scientific,Health Care,-0.06079670329224729,0.037134100410185056,True,0.09793080370243235,0.9306966743793853,1.0,4,False,1
MCHP,Microchip Technology,Information Technology,-0.09391396834961319,-0.0010542761139447077,False,0.09285969223566848,1.2200175186631232,1.0,6,True,1
PSX,Phillips 66,Energy,-0.0859169221375613,0.005345662061730039,True,0.09126258419929134,1.0196970343423248,1.0,6,False,1
DE,Deere & Company,Industrials,-0.16384808042842824,-0.07425461263345356,False,0.08959346779497468,1.115758242075123,1.0,6,True,1
MRK,Merck & Co.,Health Care,-0.09974770812734113,-0.01455344906426792,False,0.08519425906307321,1.105728458785299,0.9972222222222222,6,True,1
ES,Eversource Energy,Utilities,-0.019988713722312368,0.0651682858604421,True,0.08515699958275447,0.7634566951687911,1.0,6,False,1
APD,Air Products,Materials,-0.05901493004536551,0.023281527677364577,True,0.08229645772273009,0.9936523248562553,0.9499999999999998,6,False,1
RSG,Republic Services,Industrials,-0.06489623297189795,0.016349419211107774,True,0.08124565218300572,0.9623828497659674,1.0,6,False,1
HWM,Howmet Aerospace,Industrials,-0.06794183686459432,0.012684193102190822,True,0.08062602996678514,1.0174382537701623,1.0,4,False,1
VST,Vistra Corp.,Utilities,-0.13374207565962237,-0.053183211600809965,False,0.08055886405881241,1.2264141534107988,0.9825874866233394,6,True,1
AVGO,Broadcom,Information Technology,-0.34275830562620135,-0.26319371791033097,False,0.07956458771587038,1.3006637381223383,1.0,6,True,1
SWKS,Skyworks Solutions,Information Technology,-0.1355262170729531,-0.06013697749404301,False,0.07538923957891008,1.167355967966684,1.0,6,True,1
FCX,Freeport-McMoRan,Materials,-0.11311113175010712,-0.03830652543508006,False,0.07480460631502706,1.348959520835286,0.987037037037037,6,True,1
ATO,Atmos Energy,Utilities,-0.13157772590149197,-0.057054901917052314,False,0.07452282398443966,1.157144041113906,1.0,6,True,1
NEM,Newmont,Materials,-0.20418037686647517,-0.1303702069980358,False,0.07381016986843936,1.6587911324222184,1.0,6,True,1
ABT,Abbott Laboratories,Health Care,-0.02573616780091814,0.0468805621533106,True,0.07261672995422874,0.9187441275401331,1.0,6,False,1
MLM,Martin Marietta Materials,Materials,-0.040730480637919064,0.031103219398775916,True,0.07183370003669498,0.9480687638068073,1.0,6,False,1
DIS,Walt Disney Company (The),Communication Services,-0.06033933617191756,0.01101087359037356,True,0.07135020976229112,1.0071947062579532,1.0,6,False,1
EIX,Edison International,Utilities,-0.026521912843126216,0.04160919200516844,True,0.06813110484829465,0.7349135253140685,0.9972222222222222,6,False,1
HII,Huntington Ingalls Industries,Industrials,-0.05134928289080942,0.0116129010514896,True,0.06296218394229902,0.9922494679582062,1.0,6,False,1
RTX,RTX Corporation,Industrials,-0.047448817512139696,0.014733100386569609,True,0.062181917898709305,0.9500460068452975,0.9187500000000001,4,False,1
HRL,Hormel Foods,Consumer Staples,-0.038398944123000045,0.02321606024775047,True,0.061615004370750515,0.8463425327826605,1.0,6,False,1
MGM,MGM Resorts,Consumer Discretionary,-0.09726442489396725,-0.03676339163997966,False,0.06050103325398759,1.149679689108028,1.0,6,True,1
TSN,Tyson Foods,Consumer Staples,-0.05747824588007011,0.0025217737079579194,True,0.06000001958802803,0.9925414211304645,1.0,6,False,1
CTVA,Corteva,Materials,-0.13236615628492554,-0.07483393129263205,False,0.05753222499229349,1.256430233061952,1.0,5,True,1
KMI,Kinder Morgan,Energy,-0.03446309170350914,0.016772873416326606,True,0.05123596511983575,0.8858299564123828,0.9997361022136806,6,False,1
WY,Weyerhaeuser,Real Estate,-0.026274006504215408,0.02383287942071788,True,0.050106885924933287,0.9949412337530525,1.0,6,False,1
AEE,Ameren,Utilities,-0.1007456003955457,-0.05140196908468908,False,0.04934363131085662,1.1632464712886574,1.0,6,True,1
TXN,Texas Instruments,Information Technology,-0.03908476953091622,0.010255905203522264,True,0.04934067473443848,1.0272230182315747,1.0,6,False,1
AEP,American Electric Power,Utilities,-0.0989123369199516,-0.05418638675475296,False,0.04472595016519865,1.1235188506080638,0.9982724313513153,6,True,1
WEC,WEC Energy Group,Utilities,-0.09072562855854438,-0.04812831828982633,False,0.04259731026871805,1.2713726815252935,1.0,6,True,1
NOC,Northrop Grumman,Industrials,-0.05802808679826277,-0.0157375408522219,False,0.04229054594604087,1.1541651649825282,1.0,6,True,1
CMS,CMS Energy,Utilities,-0.02986829559775417,0.011560975348475111,True,0.04142927094622928,0.9797693590516819,1.0,6,False,1
CAT,Caterpillar Inc.,Industrials,-0.10375885915588368,-0.06412216491219414,False,0.03963669424368954,1.3475281919778492,1.0,6,True,1
DUK,Duke Energy,Utilities,-0.08679189575214696,-0.04726750917259537,False,0.039524386579551596,1.2436102728567315,1.0,6,True,1
SO,Southern Company,Utilities,-0.07572566499605682,-0.03732756482817434,False,0.038398100167882476,1.1954757084304215,1.0,6,True,1
ETR,Entergy,Utilities,-0.026351186278962935,0.011850263342419343,True,0.03820144962138228,1.0107889795299305,0.9963014773216979,6,False,1
GM,General Motors,Consumer Discretionary,-0.07857243610977382,-0.04171544246858738,False,0.03685699364118644,1.2222411663047208,1.0,6,True,1
GIS,General Mills,Consumer Staples,-0.02350115392972052,0.0121860956914015,True,0.03568724962112202,0.9515100487925131,1.0,6,False,1
LNT,Alliant Energy,Utilities,-0.06272654526541865,-0.0313997692900172,False,0.031326775975401455,1.2429999887353826,1.0,6,True,1
FE,FirstEnergy,Utilities,-0.17098656634592335,-0.14021697597414307,False,0.030769590371780287,2.0264964911442798,0.9916666666666667,6,True,1
LYB,LyondellBasell,Materials,-0.024126655732756186,0.0058087769306702786,True,0.029935432663426464,0.943363656087172,0.9916887709991157,6,False,1
BG,Bunge Global,Consumer Staples,-0.023492834322731526,0.0014791058146270686,True,0.024971940137358595,0.9786816940647445,0.9,6,False,1
DOW,Dow Inc.,Materials,-0.0025313132006750116,0.01673516741637915,True,0.01926648061705416,0.8976933308658687,0.9916666666666666,6,False,1
NI,NiSource,Utilities,-0.174087682057251,-0.15540979309230674,False,0.018677888964944267,1.6787247750387173,1.0,6,True,1
F,Ford Motor Company,Consumer Discretionary,-0.06492242247290914,-0.04923026156137045,False,0.01569216091153869,1.251794217336959,1.0,6,True,1
PEG,Public Service Enterprise Group,Utilities,-0.5241316497603945,-0.5149831145630075,False,0.009148535197387009,1.425479170274111,1.0,6,True,1
KHC,Kraft Heinz,Consumer Staples,-0.11253053534427215,-0.11063742998046378,False,0.0018931053638083783,1.4372847824261141,1.0,4,True,1
MO,Altria,Consumer Staples,-0.05707486297582387,-0.06201358349856456,False,-0.004938720522740692,1.219142310560966,1.0,6,True,1
HAL,Halliburton,Energy,-0.0759516173352669,-0.08769107921349495,False,-0.011739461878228052,1.127999013525557,0.9833333333333334,6,True,1
WFC,Wells Fargo,Financials,-0.5746913355820216,-0.5888749978623871,False,-0.014183662280365494,1.723297030715195,1.0,4,True,1
HON,Honeywell Technologies,Industrials,-0.09955745427026108,-0.13069633042602324,False,-0.031138876155762163,1.2062821936334696,0.9447916666666666,6,True,1
MU,Micron Technology,Information Technology,-0.08399978982201195,-0.14170939646771952,False,-0.05770960664570757,1.227679394615778,1.0,6,True,1
NSC,Norfolk Southern,Industrials,-0.03915770820330022,-0.11188978416880435,False,-0.07273207596550413,1.10033358994098,0.9499999999999998,3,True,1
L,Loews Corporation,Financials,0.03739160738611269,-0.09263676086359263,False,-0.13002836824970532,1.2036944623131727,1.0,6,True,1
GE,GE Aerospace,Industrials,0.05274398931047308,-0.1918076708440819,False,-0.24455166015455498,1.675586985396967,0.9500000000000001,6,True,1
IFF,International Flavors & Fragrances,Materials,0.33510389692604003,0.7158065276822487,False,0.3807026307562087,0.2518576924450658,1.0,6,False,0
ARES,Ares Management,Financials,0.22691777605821772,0.4973653757496348,False,0.2704475996914171,0.2957067046673847,1.0,5,False,0
ADI,Analog Devices,Information Technology,0.08035200834291056,0.2736899229452445,False,0.19333791460233396,0.5620935578506383,1.0,6,False,0
ALB,Albemarle Corporation,Materials,-0.1986363709552753,-0.008959094615475727,False,0.18967727633979958,1.00729394994143,1.0,6,False,0
DVN,Devon Energy,Energy,-0.22702016921699175,-0.04862069875445352,False,0.17839947046253823,1.0775741598523396,0.9955682684973303,6,False,0
GOOG,Alphabet Inc. (Class C),Communication Services,-0.23661452750467027,-0.09327116304974803,False,0.14334336445492224,1.0,1.0,5,False,0
MPC,Marathon Petroleum,Energy,-0.14184494227314914,-0.0194177196447457,False,0.12242722262840344,1.0412322935795575,0.9696710195249597,6,False,0
EQT,EQT Corporation,Energy,-0.16845825230134825,-0.04699850559745611,False,0.12145974670389215,1.0298584097898678,0.9598278911204607,6,False,0
QCOM,Qualcomm,Information Technology,-0.15591005485666143,-0.0413697105892461,False,0.11454034426741533,1.0374831885799087,1.0,6,False,0
PFE,Pfizer,Health Care,-0.12524828037552704,-0.016565683693410382,False,0.10868259668211666,0.991334844651971,1.0,6,False,0
NUE,Nucor,Materials,-0.11827166528509869,-0.010171851380913255,False,0.10809981390418544,1.0317671554846826,1.0,6,False,0
SRE,Sempra,Utilities,0.0273663705881515,0.12870402869259023,False,0.10133765810443873,0.561225172886423,0.8586996336996338,6,False,0
EOG,EOG Resources,Energy,-0.09591147036378489,-0.004224317182840109,False,0.09168715318094478,1.0275488870949634,0.9995421245421245,6,False,0
VLO,Valero Energy,Energy,-0.08605269770023638,-0.0017274213983844433,False,0.08432527630185194,1.0237542203419403,1.0,6,False,0
CVX,Chevron Corporation,Energy,-0.10678297172295959,-0.02302033804138759,False,0.083762633681572,1.0476757386978583,0.9996666666666667,6,False,0
PCG,PG&E Corporation,Utilities,-0.08409490669756314,-0.010584434536790144,False,0.073510472160773,0.982786467696471,0.9794871794871794,6,False,0
PEP,PepsiCo,Consumer Staples,-0.08895821751319255,-0.018385118442647896,False,0.07057309907054465,0.9192034703177558,1.0,6,False,0
BRK-B,Berkshire Hathaway,Financials,-0.08976978451756423,-0.022537382590010813,False,0.06723240192755342,1.010282869002308,0.9963027717665375,6,False,0
WM,Waste Management,Industrials,-0.08042024756076493,-0.013338832304255255,False,0.06708141525650968,0.9825846256936963,1.0,6,False,0
GS,Goldman Sachs,Financials,-0.07575615096110333,-0.014876743673490456,False,0.060879407287612874,1.056820878477018,1.0,6,False,0
BF-B,Brown–Forman,Consumer Staples,0.05512985352428701,0.11583436731067298,False,0.06070451378638597,0.9090083793098631,1.0,6,False,0
DAL,Delta Air Lines,Industrials,-0.062371274183126824,-0.003970085513176014,False,0.05840118866995081,0.9574260697485856,1.0,6,False,0
PNW,Pinnacle West Capital,Utilities,-0.07501415008348755,-0.02280636044841211,False,0.05220778963507544,1.0446777880943479,0.9969696969696971,6,False,0
ED,Consolidated Edison,Utilities,-0.06346884164175826,-0.013941143633639519,False,0.04952769800811874,1.0758230538816362,1.0,6,False,0
EVRG,Evergy,Utilities,0.00014628318479603664,0.047163355228935,False,0.04701707204413896,0.6929915357295674,0.9899999999999999,6,False,0
PG,Procter & Gamble,Consumer Staples,-0.052790304108210506,-0.008430577996722755,False,0.04435972611148775,0.9935424162370343,1.0,6,False,0
AES,AES Corporation,Utilities,-0.08200080948122723,-0.038752749627418925,False,0.04324805985380831,1.0812064339595153,1.0,6,False,0
AMGN,Amgen,Health Care,0.09503982937293642,0.13443848672773684,False,0.039398657354800415,0.6381296131465419,1.0,6,False,0
LMT,Lockheed Martin,Industrials,-0.08199583999899906,-0.04282269384136117,False,0.039173146157637895,1.0719079382376402,1.0,6,False,0
GLW,Corning Inc.,Information Technology,-0.06524167540260073,-0.02727302837287804,False,0.03796864702972269,0.9930790772042936,1.0,6,False,0
PKG,Packaging Corporation of America,Materials,-0.042114636920371096,-0.006675664704410278,False,0.03543897221596082,0.9953426813642967,1.0,6,False,0
D,Dominion Energy,Utilities,-0.037556104030701976,-0.002573747261589765,False,0.03498235676911221,0.840144891876087,1.0,6,False,0
ITW,Illinois Tool Works,Industrials,0.15415970768113896,0.18550654934128952,False,0.03134684166015056,0.7516054724761767,1.0,6,False,0
PPG,PPG Industries,Materials,0.37176370289334226,0.39389946275643095,False,0.02213575986308869,0.599516210553725,1.0,6,False,0
SJM,J.M. Smucker Company (The),Consumer Staples,-0.023799952304171534,-0.004669227475727511,False,0.019130724828444023,0.9839891617572487,0.9523809523809522,5,False,0
EXE,Expand Energy,Energy,-0.0812544464106264,-0.072912303933928,False,0.0083421424766984,0.9994159393529491,0.9500000000000001,6,False,0
HPQ,HP Inc.,Information Technology,0.015893900754753387,0.012841117407723868,False,-0.0030527833470295196,0.9709607469288187,0.9,6,False,0
TXT,Textron,Industrials,0.032235090692748436,0.025884058217454653,False,-0.006351032475293783,0.7514680780150014,1.0,6,False,0
KMB,Kimberly-Clark,Consumer Staples,0.010939080888388908,-0.006661662400815782,False,-0.01760074328920469,1.0081373065161974,1.0,6,False,0
EXC,Exelon,Utilities,-0.5047004320750069,-0.532919433690561,False,-0.02821900161555413,1.0944334615031133,1.0,6,False,0
IP,International Paper,Materials,0.0191842549063157,-0.019094562461142273,False,-0.038278817367457973,1.0082680314930046,1.0,6,False,0
BA,Boeing,Industrials,0.02987666537513145,-0.017848371916011185,False,-0.047725037291142636,1.0269935258157423,1.0,6,False,0
INTC,Intel,Information Technology,0.009997573362665824,-0.038395880662910775,False,-0.0483934540255766,1.0336257752931572,0.9809523809523809,6,False,0
MMM,3M,Industrials,0.022716603750340125,-0.03282091779670082,False,-0.05553752154704095,1.0704930329704583,1.0,6,False,0
VTRS,Viatris,Health Care,0.047793438299799984,-0.026139929285373564,False,-0.07393336758517355,1.0,1.0,3,False,0
BIIB,Biogen,Health Care,0.07605807755511673,-0.006844206418506138,False,-0.08290228397362287,1.0264048552702363,0.9833333333333334,6,False,0
ADM,Archer Daniels Midland,Consumer Staples,0.1814111410154422,-0.028928381905542366,False,-0.21033952292098457,1.0900281875042277,1.0,6,False,0
BLK,BlackRock,Financials,,0.010645621697898733,False,,0.9790439819537926,1.0,3,False,0
CNP,CenterPoint Energy,Utilities,,,False,,,1.0,6,False,0
DD,DuPont,Industrials,,,False,,,0.9077380952380953,6,False,0
KKR,KKR & Co.,Financials,,,False,,,1.0,5,False,0
LLY,Lilly (Eli),Health Care,,,False,,,0.9416666666666668,6,False,0
NEE,NextEra Energy,Utilities,,,False,,,0.9948717948717949,6,False,0
NXPI,NXP Semiconductors,Information Technology,,,False,,,1.0,6,False,0
PPL,PPL Corporation,Utilities,,,False,,,1.0,6,False,0
SW,Smurfit Westrock,Materials,,-0.0025892708243142604,False,,0.9214025935954769,0.9,6,False,0
TAP,Molson Coors Beverage Company,Consumer Staples,,,False,,,0.9833333333333334,6,False,0
