ticker,company,gics_sector,gics_sub_industry,years_observed,year_last,scope1_t,revenue_musd,co2_intensity,n_facilities,match_confidence,intensity_cagr,absolute_cagr,base_year_ratio,intensity_illusion,illusion_gap
AAPL,Apple Inc.,Information Technology,"Technology Hardware, Storage & Peripherals",6,2023,287870.94399999996,383285.0,0.7510623791695473,1,0.9,-0.06631413015478493,0.02801738933332487,0.8192446542418178,True,0.0943315194881098
ABBV,AbbVie,Health Care,Biotechnology,6,2023,99777.824,54318.0,1.8369200633307559,2,1.0,-0.19774515511027124,-0.090164541119795,1.20472188881853,False,0.10758061399047625
ABT,Abbott Laboratories,Health Care,Health Care Equipment,6,2023,134386.892,40109.0,3.3505420728514794,5,1.0,-0.02573616780091814,0.0468805621533106,0.9187441275401331,True,0.07261672995422874
ADI,Analog Devices,Information Technology,Semiconductors,6,2023,117771.628108,12305.539,9.570619223424508,3,1.0,0.08035200834291056,0.2736899229452445,0.5620935578506383,False,0.19333791460233396
ADM,Archer Daniels Midland,Consumer Staples,Agricultural Products & Services,6,2023,10585367.606,25691.0,412.0262973804056,19,1.0,0.1814111410154422,-0.028928381905542366,1.0900281875042277,False,-0.21033952292098457
AEE,Ameren,Utilities,Multi-Utilities,6,2023,19790344.651600003,7500.0,2638.7126202133336,17,1.0,-0.1007456003955457,-0.05140196908468908,1.1632464712886574,False,0.04934363131085662
AEP,American Electric Power,Utilities,Electric Utilities,6,2023,50202912.0739422,19456.0,2580.330595905746,38,0.9986832733543262,-0.0989123369199516,-0.05418638675475296,1.1235188506080638,False,0.04472595016519865
AES,AES Corporation,Utilities,Independent Power Producers & Energy Traders,6,2023,15564412.834,12668.0,1228.6401037259236,17,1.0,-0.08200080948122723,-0.038752749627418925,1.0812064339595153,False,0.04324805985380831
ALB,Albemarle Corporation,Materials,Specialty Chemicals,6,2023,229671.722,9617.203,23.88134283949294,4,1.0,-0.1986363709552753,-0.008959094615475727,1.00729394994143,False,0.18967727633979958
AMGN,Amgen,Health Care,Biotechnology,6,2023,61780.352,28190.0,2.191569776516495,2,1.0,0.09503982937293642,0.13443848672773684,0.6381296131465419,False,0.039398657354800415
APD,Air Products,Materials,Industrial Gases,6,2023,14072905.322,12600.0,1116.897247777778,32,0.9500000000000001,-0.05901493004536551,0.023281527677364577,0.9936523248562553,True,0.08229645772273009
ARES,Ares Management,Financials,Asset Management & Custody Banks,5,2023,1454174.0512,3631.884,400.39110588333773,1,1.0,0.22691777605821772,0.4973653757496348,0.2957067046673847,False,0.2704475996914171
ATO,Atmos Energy,Utilities,Gas Utilities,6,2023,737121.0920000001,4275.357,172.41158855272204,14,1.0,-0.13157772590149197,-0.057054901917052314,1.157144041113906,False,0.07452282398443966
AVGO,Broadcom,Information Technology,Semiconductors,6,2023,34457.051985,35819.0,0.9619769391942823,1,1.0,-0.34275830562620135,-0.26319371791033097,1.3006637381223383,False,0.07956458771587038
AZO,AutoZone,Consumer Discretionary,Automotive Retail,6,2023,0.0,17457.209,0.0,1,1.0,,,,False,
BA,Boeing,Industrials,Aerospace & Defense,6,2023,151144.822,77794.0,1.9428853382008893,4,1.0,0.02987666537513145,-0.017848371916011185,1.0269935258157423,False,-0.047725037291142636
BALL,Ball Corporation,Materials,"Metal, Glass & Plastic Containers",6,2023,63499.238000000005,12062.0,5.264403747305588,1,0.9,-0.045995794112512756,-0.023982744996261185,0.9999331141970861,False,0.02201304911625157
BAX,Baxter International,Health Care,Health Care Equipment,6,2023,43203.836,10360.0,4.170254440154441,2,0.9166666666666666,,,,False,
BF-B,Brown–Forman,Consumer Staples,Distillers & Vintners,6,2023,90072.76,4178.0,21.558822403063665,2,1.0,0.05512985352428701,0.11583436731067298,0.9090083793098631,False,0.06070451378638597
BG,Bunge Global,Consumer Staples,Agricultural Products & Services,6,2023,564616.524,17831.0,31.664882732320116,11,0.9090909090909091,-0.023492834322731526,0.0014791058146270686,0.9786816940647445,True,0.024971940137358595
BIIB,Biogen,Health Care,Biotechnology,6,2023,28268.192,9835.6,2.8740688925942495,1,0.9833333333333334,0.07605807755511673,-0.006844206418506138,1.0264048552702363,False,-0.08290228397362287
BLK,BlackRock,Financials,Asset Management & Custody Banks,3,2023,187749.8994,17859.0,10.512901024693432,1,1.0,,0.010645621697898733,0.9790439819537926,False,
BMY,Bristol Myers Squibb,Health Care,Pharmaceuticals,6,2023,95102.73999999999,45006.0,2.11311247389237,3,1.0,-0.1491314382107365,-0.011566885633515378,1.2120959382269552,False,0.1375645525772211
BRK-B,Berkshire Hathaway,Financials,Multi-Sector Holdings,6,2023,53683295.2897898,254906.0,210.6003597003986,143,0.9958174161749448,-0.08976978451756423,-0.022537382590010813,1.010282869002308,False,0.06723240192755342
CARR,Carrier Global,Industrials,Building Products,6,2023,0.0,18951.0,0.0,5,1.0,,,,False,
CAT,Caterpillar Inc.,Industrials,Construction Machinery & Heavy Transportation Equipment,6,2023,456901.738,67060.0,6.813327438115121,8,1.0,-0.10375885915588368,-0.06412216491219414,1.3475281919778492,False,0.03963669424368954
CEG,Constellation Energy,Utilities,Electric Utilities,6,2023,8941320.546,20841.0,429.0255048222254,24,0.9569444444444444,,-0.27592460951113396,9.522507537559122,False,
CF,CF Industries,Materials,Fertilizers & Agricultural Chemicals,6,2023,20579424.174000002,6631.0,3103.5174444276886,6,1.0,-0.13036541505671018,0.007519260028531871,0.9662046441101473,True,0.13788467508524205
CMS,CMS Energy,Utilities,Multi-Utilities,6,2023,16989121.6012564,7261.0,2339.777110763862,18,1.0,-0.02986829559775417,0.011560975348475111,0.9797693590516819,True,0.04142927094622928
CNP,CenterPoint Energy,Utilities,Multi-Utilities,6,2023,4192299.8872,8612.0,486.797478773804,12,1.0,0.6302604250753971,0.7431412086994276,0.10000793198727714,False,0.11288078362403042
COP,ConocoPhillips,Energy,Oil & Gas Exploration & Production,6,2023,9034704.8357512,48522.0,186.19811293333333,30,0.999054909862311,-0.09406986560392805,0.022863983106158114,0.8808481036642297,True,0.11693384871008616
CSGP,CoStar Group,Real Estate,Real Estate Services,6,2023,0.0,2455.0,0.0,1,0.923076923076923,,,,False,
CTVA,Corteva,Materials,Fertilizers & Agricultural Chemicals,5,2023,82753.74,17226.0,4.804002089864159,2,1.0,-0.13236615628492554,-0.07483393129263205,1.256430233061952,False,0.05753222499229349
CVX,Chevron Corporation,Energy,Integrated Oil & Gas,6,2023,21560559.85408879,196913.0,109.49282096199231,90,0.999808429118774,-0.10678297172295959,-0.02302033804138759,1.0476757386978583,False,0.083762633681572
D,Dominion Energy,Utilities,Multi-Utilities,6,2023,29414584.6822,13487.0,2180.958306680507,47,1.0,-0.037556104030701976,-0.002573747261589765,0.840144891876087,False,0.03498235676911221
DAL,Delta Air Lines,Industrials,Passenger Airlines,6,2023,1256096.862,58048.0,21.638934364663726,2,1.0,-0.062371274183126824,-0.003970085513176014,0.9574260697485856,False,0.05840118866995081
DD,DuPont,Industrials,Industrial Conglomerates,6,2023,195527.252,6614.0,29.562632597520413,11,0.9170853827974571,-0.34581460641639394,-0.43166124625808877,6.987005390765794,False,-0.08584663984169483
DE,Deere & Company,Industrials,Agricultural & Farm Machinery,6,2023,45075.880000000005,61251.0,0.7359207196617199,3,1.0,-0.16384808042842824,-0.07425461263345356,1.115758242075123,False,0.08959346779497468
DIS,Walt Disney Company (The),Communication Services,Movies & Entertainment,6,2023,108269.89074,88898.0,1.2179114349029225,1,1.0,-0.06033933617191756,0.01101087359037356,1.0071947062579532,True,0.07135020976229112
DOV,Dover Corporation,Industrials,Industrial Machinery & Supplies & Components,5,2023,0.0,7684.476,0.0,1,1.0,,,,False,
DOW,Dow Inc.,Materials,Commodity Chemicals,6,2023,16645248.8045,44622.0,373.0278518331765,19,0.9894956140350878,-0.0025313132006750116,0.01673516741637915,0.8976933308658687,True,0.01926648061705416
DUK,Duke Energy,Utilities,Electric Utilities,6,2023,72775625.1168672,28674.0,2538.035332247583,54,1.0,-0.08679189575214696,-0.04726750917259537,1.2436102728567315,False,0.039524386579551596
DVN,Devon Energy,Energy,Oil & Gas Exploration & Production,6,2023,4402834.4377427995,15140.0,290.80808703717304,27,0.9938283873118875,-0.22702016921699175,-0.04862069875445352,1.0775741598523396,False,0.17839947046253823
ED,Consolidated Edison,Utilities,Multi-Utilities,6,2023,2697527.378,14476.0,186.34480367504835,9,1.0,-0.06346884164175826,-0.013941143633639519,1.0758230538816362,False,0.04952769800811874
EIX,Edison International,Utilities,Electric Utilities,6,2023,1102588.89792864,16338.0,67.48616097004775,9,0.9990740740740741,-0.026521912843126216,0.04160919200516844,0.7349135253140685,True,0.06813110484829465
EOG,EOG Resources,Energy,Oil & Gas Exploration & Production,6,2023,5211851.17,24186.0,215.49041470272059,60,0.9958920353151122,-0.09591147036378489,-0.004224317182840109,1.0275488870949634,False,0.09168715318094478
EQT,EQT Corporation,Energy,Oil & Gas Exploration & Production,6,2023,1821595.6804,5044.768,361.08611543682485,28,0.9712892180283484,-0.16845825230134825,-0.04699850559745611,1.0298584097898678,False,0.12145974670389215
ES,Eversource Energy,Utilities,Electric Utilities,6,2023,206262.3,11910.705,17.31738801355587,6,1.0,-0.019988713722312368,0.0651682858604421,0.7634566951687911,True,0.08515699958275447
ETR,Entergy,Utilities,Electric Utilities,6,2023,38235121.5185684,12147.412,3147.594032257109,54,0.9963047117685483,-0.026351186278962935,0.011850263342419343,1.0107889795299305,True,0.03820144962138228
EVRG,Evergy,Utilities,Electric Utilities,6,2023,23149009.16598,5345.1,4330.884205343211,18,0.9824074074074073,0.00014628318479603664,0.047163355228935,0.6929915357295674,False,0.04701707204413896
EXC,Exelon,Utilities,Electric Utilities,6,2023,301249.6376,21727.0,13.865220122428315,17,1.0,-0.5047004320750069,-0.532919433690561,1.0944334615031133,False,-0.02821900161555413
EXE,Expand Energy,Energy,Oil & Gas Exploration & Production,6,2023,1897947.6800000002,8721.0,217.62959293658986,67,0.9500000000000001,-0.0812544464106264,-0.072912303933928,0.9994159393529491,False,0.0083421424766984
F,Ford Motor Company,Consumer Discretionary,Automobile Manufacturers,6,2023,497625.124,176191.0,2.8243504151744414,15,1.0,-0.06492242247290914,-0.04923026156137045,1.251794217336959,False,0.01569216091153869
FANG,Diamondback Energy,Energy,Oil & Gas Exploration & Production,6,2023,3224708.764,8412.0,383.3462629576795,6,0.9583333333333334,-0.20464214815797666,0.0725396419563229,0.5549807042477064,True,0.27718179011429955
FCX,Freeport-McMoRan,Materials,Copper,6,2023,468237.97400000005,22703.0,20.62449781967141,12,0.9442307692307693,-0.11311113175010712,-0.03830652543508006,1.348959520835286,False,0.07480460631502706
FE,FirstEnergy,Utilities,Electric Utilities,6,2023,15338451.138,12870.0,1191.7988452214452,16,0.9588815789473683,-0.17098656634592335,-0.14021697597414307,2.0264964911442798,False,0.030769590371780287
GE,GE Aerospace,Industrials,Aerospace & Defense,6,2023,272224.39280000003,35348.0,7.7012671947493505,13,0.9500000000000001,0.05274398931047308,-0.1918076708440819,1.675586985396967,False,-0.24455166015455498
GIS,General Mills,Consumer Staples,Packaged Foods & Meats,6,2023,70688.598,19857.2,3.5598472090727795,3,1.0,-0.02350115392972052,0.0121860956914015,0.9515100487925131,True,0.03568724962112202
GLW,Corning Inc.,Information Technology,Electronic Components,6,2023,171577.1979,12588.0,13.63021908960915,11,0.9454545454545454,-0.06524167540260073,-0.02727302837287804,0.9930790772042936,False,0.03796864702972269
GM,General Motors,Consumer Discretionary,Automobile Manufacturers,6,2023,572170.952,157658.0,3.629190729300131,18,1.0,-0.07857243610977382,-0.04171544246858738,1.2222411663047208,False,0.03685699364118644
GOOG,Alphabet Inc. (Class C),Communication Services,Interactive Media & Services,5,2023,15853.469240000002,307394.0,0.05157377580564358,1,1.0,-0.23661452750467027,-0.09327116304974803,1.0,False,0.14334336445492224
GS,Goldman Sachs,Financials,Investment Banking & Brokerage,6,2023,15642.091199999999,46254.0,0.3381781294590738,1,1.0,-0.07575615096110333,-0.014876743673490456,1.056820878477018,False,0.060879407287612874
HAL,Halliburton,Energy,Oil & Gas Equipment & Services,6,2023,53414.518,23018.0,2.3205542618820054,2,0.9833333333333334,-0.0759516173352669,-0.08769107921349495,1.127999013525557,False,-0.011739461878228052
HII,Huntington Ingalls Industries,Industrials,Aerospace & Defense,6,2023,49706.725999999995,11454.0,4.339682730923695,1,1.0,-0.05134928289080942,0.0116129010514896,0.9922494679582062,True,0.06296218394229902
HON,Honeywell Technologies,Industrials,Industrial Conglomerates,6,2023,381602.9292,33009.0,11.560572243933473,10,0.9458333333333333,-0.09955745427026108,-0.13069633042602324,1.2062821936334696,False,-0.031138876155762163
HPQ,HP Inc.,Information Technology,"Technology Hardware, Storage & Peripherals",6,2023,357133.7704,53718.0,6.648307278752001,3,0.9,0.007213157148883598,0.004186459625875161,0.9996261646163436,False,-0.003026697523008437
HRL,Hormel Foods,Consumer Staples,Packaged Foods & Meats,6,2023,58585.68,12110.01,4.837789564170468,1,1.0,-0.038398944123000045,0.02321606024775047,0.8463425327826605,True,0.061615004370750515
HWM,Howmet Aerospace,Industrials,Aerospace & Defense,4,2023,124137.594,6640.0,18.69542078313253,3,1.0,-0.06794183686459432,0.012684193102190822,1.0174382537701623,True,0.08062602996678514
IFF,International Flavors & Fragrances,Materials,Specialty Chemicals,6,2023,307088.216,11479.0,26.75217492812963,7,1.0,0.33510389692604003,0.7158065276822487,0.2518576924450658,False,0.3807026307562087
INTC,Intel,Information Technology,Semiconductors,6,2023,1128104.6146605,54228.0,20.802991345070815,7,0.9830853174603175,0.009997573362665824,-0.038395880662910775,1.0336257752931572,False,-0.0483934540255766
IP,International Paper,Materials,Paper & Plastic Packaging Products & Materials,6,2023,5404387.698,16033.0,337.07900567579367,32,1.0,0.0191842549063157,-0.019094562461142273,1.0082680314930046,False,-0.038278817367457973
IR,Ingersoll Rand,Industrials,Industrial Machinery & Supplies & Components,6,2023,0.0,6876.1,0.0,1,1.0,,,,False,
ITW,Illinois Tool Works,Industrials,Industrial Machinery & Supplies & Components,6,2023,17549.74984,16107.0,1.0895728465884398,1,1.0,0.15415970768113896,0.18550654934128952,0.7516054724761767,False,0.03134684166015056
JCI,Johnson Controls,Industrials,Building Products,6,2023,0.0,22331.0,0.0,1,1.0,,,,False,
KHC,Kraft Heinz,Consumer Staples,Packaged Foods & Meats,6,2023,0.0,26640.0,0.0,4,1.0,-0.11253053534427215,-0.11063742998046378,1.4580825294123956,False,0.0018931053638083783
KKR,KKR & Co.,Financials,Asset Management & Custody Banks,5,2022,122999.10269999999,5704.18,21.56297709749692,3,1.0,0.02712681224629332,0.6053177271404264,0.1998950329579171,False,0.5781909148941331
KMB,Kimberly-Clark,Consumer Staples,Household Products,6,2023,1030421.2660000001,17146.0,60.09688942027295,10,1.0,0.010939080888388908,-0.006661662400815782,1.0081373065161974,False,-0.01760074328920469
KMI,Kinder Morgan,Energy,Oil & Gas Storage & Transportation,6,2023,11825388.6862346,13647.0,866.5192852813512,285,0.9994006363487721,-0.03446309170350914,0.016772873416326606,0.8858299564123828,True,0.05123596511983575
L,Loews Corporation,Financials,Multi-line Insurance,6,2023,2049069.366,2360.0,868.2497313559322,49,1.0,0.03739160738611269,-0.09263676086359263,1.2036944623131727,False,-0.13002836824970532
LII,Lennox International,Industrials,Building Products,6,2023,0.0,4981.9,0.0,1,1.0,,,,False,
LIN,Linde plc,Materials,Industrial Gases,6,2023,10074068.22,32854.0,306.63140622146466,23,0.9639364976602608,-0.11398905681640836,0.010429874224534785,1.1336037058008557,True,0.12441893104094315
LLY,Lilly (Eli),Health Care,Pharmaceuticals,6,2023,47574.076,34124.0,1.3941529715156489,1,0.9416666666666668,-0.11769968116254526,-0.03344502908375713,2.5346773432660332,False,0.08425465207878813
LMT,Lockheed Martin,Industrials,Aerospace & Defense,6,2023,95794.13399999999,67571.0,1.417681164996818,4,1.0,-0.08199583999899906,-0.04282269384136117,1.0719079382376402,False,0.039173146157637895
LNT,Alliant Energy,Utilities,Electric Utilities,6,2023,13023321.5224172,4027.0,3234.0008747000747,24,1.0,-0.06272654526541865,-0.0313997692900172,1.2429999887353826,False,0.031326775975401455
LYB,LyondellBasell,Materials,Specialty Chemicals,6,2023,8523906.445999999,33336.0,255.6967376409887,15,0.9810399562123698,-0.024126655732756186,0.0058087769306702786,0.943363656087172,True,0.029935432663426464
MCHP,Microchip Technology,Information Technology,Semiconductors,6,2023,472938.201976,7634.4,61.94831315833596,4,1.0,-0.09391396834961319,-0.0010542761139447077,1.2200175186631232,False,0.09285969223566848
MDLZ,Mondelez International,Consumer Staples,Packaged Foods & Meats,6,2023,0.0,36016.0,0.0,1,1.0,,,,False,
MGM,MGM Resorts,Consumer Discretionary,Casinos & Gaming,6,2023,110103.336,16164.249,6.811534269238243,1,1.0,-0.09726442489396725,-0.03676339163997966,1.149679689108028,False,0.06050103325398759
MLM,Martin Marietta Materials,Materials,Construction Materials,6,2023,3999044.1620000005,5851.0,683.4804583831824,4,1.0,-0.040730480637919064,0.031103219398775916,0.9480687638068073,True,0.07183370003669498
MMM,3M,Industrials,Industrial Conglomerates,6,2023,1007143.6889239999,24610.0,40.92416452352702,12,1.0,0.022716603750340125,-0.03282091779670082,1.0704930329704583,False,-0.05553752154704095
MO,Altria,Consumer Staples,Tobacco,6,2023,66467.196,24483.0,2.714830535473594,2,1.0,-0.05707486297582387,-0.06201358349856456,1.219142310560966,False,-0.004938720522740692
MOS,Mosaic Company (The),Materials,Fertilizers & Agricultural Chemicals,6,2023,1584499.966,13696.1,115.68986543614605,10,1.0,-0.12077535986881016,-0.002165627356096378,1.1569391674357223,False,0.11860973251271378
MPC,Marathon Petroleum,Energy,Oil & Gas Refining & Marketing,6,2023,36089385.98237825,148379.0,243.22435103605127,133,0.979657275599472,-0.14184494227314914,-0.0194177196447457,1.0412322935795575,False,0.12242722262840344
MRK,Merck & Co.,Health Care,Pharmaceuticals,6,2023,365529.70399999997,60115.0,6.080507427430757,5,0.9983333333333334,-0.09974770812734113,-0.01455344906426792,1.105728458785299,False,0.08519425906307321
MS,Morgan Stanley,Financials,Investment Banking & Brokerage,6,2023,0.0,54143.0,0.0,2,1.0,,,,False,
MU,Micron Technology,Information Technology,Semiconductors,6,2023,303884.3484487,15540.0,19.55497737765122,2,1.0,-0.08399978982201195,-0.14170939646771952,1.227679394615778,False,-0.05770960664570757
NEE,NextEra Energy,Utilities,Multi-Utilities,6,2023,42867507.677971,24800.0,1728.5285354020564,34,0.9897899159663864,0.23329335828031184,0.35534605259658725,0.1156638905351616,False,0.12205269431627541
NEM,Newmont,Materials,Gold,6,2023,567759.26746,11812.0,48.06631116322384,3,1.0,-0.20418037686647517,-0.1303702069980358,1.6587911324222184,False,0.07381016986843936
NI,NiSource,Utilities,Multi-Utilities,6,2023,5027591.002,5347.8,940.1232286173754,14,1.0,-0.174087682057251,-0.15540979309230674,1.6787247750387173,False,0.018677888964944267
NOC,Northrop Grumman,Industrials,Aerospace & Defense,6,2023,110192.27799999999,39290.0,2.8045883939933822,4,1.0,-0.05802808679826277,-0.0157375408522219,1.1541651649825282,False,0.04229054594604087
NRG,NRG Energy,Utilities,Independent Power Producers & Energy Traders,6,2023,22461424.34004,28256.0,794.9258330988108,36,1.0,-0.3320535230082394,-0.07337560636899687,1.2322135339984213,False,0.25867791663924256
NSC,Norfolk Southern,Industrials,Rail Transportation,6,2023,0.0,12156.0,0.0,1,0.9500000000000001,-0.03915770820330022,-0.11188978416880435,2.5356906205698566,False,-0.07273207596550413
NUE,Nucor,Materials,Steel,6,2023,5497406.23368,34714.0,158.36279984098633,26,1.0,-0.11827166528509869,-0.010171851380913255,1.0317671554846826,False,0.10809981390418544
NXPI,NXP Semiconductors,Information Technology,Semiconductors,6,2023,77528.052339,13276.0,5.8397146986291055,1,1.0,-0.24889613782123043,-0.17782411121454844,4.692068216322499,False,0.07107202660668199
OKE,Oneok,Energy,Oil & Gas Storage & Transportation,6,2023,3886056.4206,17677.0,219.83687393788537,56,0.9970818460292145,-0.10134498206255604,0.028545882242109633,0.8814312656557377,True,0.12989086430466568
OXY,Occidental Petroleum,Energy,Oil & Gas Exploration & Production,6,2023,15317522.890804,23230.0,659.385402100904,126,0.9749429332923789,-0.10742331319562815,0.010004160206741108,0.9026389026616594,True,0.11742747340236925
PCG,PG&E Corporation,Utilities,Multi-Utilities,6,2023,3254389.2656,24428.0,133.22372955624692,13,0.9794871794871794,-0.08409490669756314,-0.010584434536790144,0.982786467696471,False,0.073510472160773
PEG,Public Service Enterprise Group,Utilities,Electric Utilities,6,2023,463035.34199999995,11237.0,41.206313250867666,7,1.0,-0.5241316497603945,-0.5149831145630075,1.425479170274111,False,0.009148535197387009
PEP,PepsiCo,Consumer Staples,Soft Drinks & Non-alcoholic Beverages,6,2023,317942.602,91471.0,3.47588418187185,10,1.0,-0.08895821751319255,-0.018385118442647896,0.9192034703177558,False,0.07057309907054465
PFE,Pfizer,Health Care,Pharmaceuticals,6,2023,225796.41,50914.0,4.434858977884275,4,1.0,-0.12524828037552704,-0.016565683693410382,0.991334844651971,False,0.10868259668211666
PG,Procter & Gamble,Consumer Staples,Personal Care Products,6,2023,1660556.136144,82006.0,20.24920293812648,10,1.0,-0.052790304108210506,-0.008430577996722755,0.9935424162370343,False,0.04435972611148775
PKG,Packaging Corporation of America,Materials,Paper & Plastic Packaging Products & Materials,6,2023,1498344.226,7802.4,192.03632548959297,9,1.0,-0.042114636920371096,-0.006675664704410278,0.9953426813642967,False,0.03543897221596082
PNW,Pinnacle West Capital,Utilities,Multi-Utilities,6,2023,10549462.589899998,4695.991,2246.4827104438655,11,0.9969696969696971,-0.07501415008348755,-0.02280636044841211,1.0446777880943479,False,0.05220778963507544
PPG,PPG Industries,Materials,Specialty Chemicals,6,2023,198602.998,16242.0,12.227742765669252,3,1.0,0.37176370289334226,0.39389946275643095,0.599516210553725,False,0.02213575986308869
PPL,PPL Corporation,Utilities,Electric Utilities,6,2023,26919146.4032,8290.0,3247.182919565742,10,1.0,2.2718154865186424,2.4064307868924772,0.0001863018309825212,False,0.13461530037383485
PSX,Phillips 66,Energy,Oil & Gas Refining & Marketing,6,2023,31338847.363247335,147399.0,212.61234718856528,100,1.0,-0.0859169221375613,0.005345662061730039,1.0196970343423248,True,0.09126258419929134
QCOM,Qualcomm,Information Technology,Semiconductors,6,2023,48566.816000000006,35820.0,1.3558575097710779,2,1.0,-0.15591005485666143,-0.0413697105892461,1.0374831885799087,False,0.11454034426741533
RSG,Republic Services,Industrials,Environmental & Facilities Services,6,2023,10721712.294,14965.0,716.4525421984631,207,1.0,-0.06489623297189795,0.016349419211107774,0.9623828497659674,True,0.08124565218300572
RTX,RTX Corporation,Industrials,Aerospace & Defense,4,2023,172793.29,68920.0,2.507157428903076,4,0.9187500000000001,-0.047448817512139696,0.014733100386569609,0.9500460068452975,True,0.062181917898709305
SJM,J.M. Smucker Company (The),Consumer Staples,Packaged Foods & Meats,6,2023,0.0,8178.7,0.0,1,0.9523809523809522,-0.023799952304171534,-0.004669227475727511,0.9919299769618852,False,0.019130724828444023
SO,Southern Company,Utilities,Electric Utilities,6,2023,76718005.4067456,25253.0,3037.975900160203,71,1.0,-0.07572566499605682,-0.03732756482817434,1.1954757084304215,False,0.038398100167882476
SRE,Sempra,Utilities,Multi-Utilities,6,2023,5351909.778330039,14848.0,360.446509855202,18,0.8567674291938999,0.0273663705881515,0.12870402869259023,0.561225172886423,False,0.10133765810443873
STLD,Steel Dynamics,Materials,Steel,6,2023,2569896.58,18795.316,136.73069290242316,12,1.0,-0.11415407650464893,0.02913431962203572,0.9960161838478424,True,0.14328839612668465
SW,Smurfit Westrock,Materials,Paper & Plastic Packaging Products & Materials,6,2023,5923601.84088,12093.0,489.83724806747705,35,0.9485978835978836,,-0.020702047106505028,0.986867931064557,False,
SWKS,Skyworks Solutions,Information Technology,Semiconductors,6,2023,24116.71997,4772.4,5.053373558377336,2,1.0,-0.1355262170729531,-0.06013697749404301,1.167355967966684,False,0.07538923957891008
T,AT&T,Communication Services,Integrated Telecommunication Services,6,2023,0.0,122428.0,0.0,1,1.0,,,,False,
TAP,Molson Coors Beverage Company,Consumer Staples,Brewers,6,2023,377025.74,13884.6,27.15423850885153,6,0.9833333333333334,0.7643417886530921,0.7751652204884243,0.08076056325630232,False,0.010823431835332187
TGT,Target Corporation,Consumer Staples,Consumer Staples Merchandise Retail,6,2023,0.0,107412.0,0.0,1,1.0,,,,False,
TMO,Thermo Fisher Scientific,Health Care,Life Sciences Tools & Services,4,2023,28392.342,42857.0,0.6624901883006277,1,1.0,-0.06079670329224729,0.037134100410185056,0.9306966743793853,True,0.09793080370243235
TRGP,Targa Resources,Energy,Oil & Gas Storage & Transportation,6,2023,8471488.696985682,13521.0,626.5430587224083,87,1.0,-0.10901570629864532,0.04710678997052242,0.8634195753143752,True,0.15612249626916774
TSLA,"Tesla, Inc.",Consumer Discretionary,Automobile Manufacturers,6,2023,80515.196,96773.0,0.8320006200076467,2,0.9833333333333334,-0.07804641727428407,0.28644543733270655,0.6441489046858861,True,0.36449185460699063
TSN,Tyson Foods,Consumer Staples,Packaged Foods & Meats,6,2023,1874907.486,52881.0,35.45521994667272,37,1.0,-0.05747824588007011,0.0025217737079579194,0.9925414211304645,True,0.06000001958802803
TT,Trane Technologies,Industrials,Building Products,4,2023,0.0,17677.6,0.0,2,1.0,,,,False,
TXN,Texas Instruments,Information Technology,Semiconductors,6,2023,1057774.335383,17519.0,60.37869372584052,6,1.0,-0.03908476953091622,0.010255905203522264,1.0272230182315747,True,0.04934067473443848
TXT,Textron,Industrials,Aerospace & Defense,6,2023,55579.572,13683.0,4.061943433457575,2,1.0,0.032235090692748436,0.025884058217454653,0.7514680780150014,False,-0.006351032475293783
VLO,Valero Energy,Energy,Oil & Gas Refining & Marketing,6,2023,23517862.268,144766.0,162.45432123564925,29,1.0,-0.08605269770023638,-0.0017274213983844433,1.0237542203419403,False,0.08432527630185194
VST,Vistra Corp.,Utilities,Electric Utilities,6,2023,96800091.59904152,13804.0,7012.466792164701,81,0.967083301967279,-0.13892280133174117,-0.058845726083650574,1.2522232377367843,False,0.0800770752480906
VTRS,Viatris,Health Care,Pharmaceuticals,3,2023,26031.806,15388.4,1.6916512437940268,1,1.0,0.047793438299799984,-0.026139929285373564,1.0,False,-0.07393336758517355
WEC,WEC Energy Group,Utilities,Electric Utilities,6,2023,17942097.185119998,8893.0,2017.5528151489934,27,1.0,-0.09072562855854438,-0.04812831828982633,1.2713726815252935,False,0.04259731026871805
WFC,Wells Fargo,Financials,Diversified Banks,4,2022,2911.887636,74368.0,0.039155115587349396,1,1.0,-0.5746913355820216,-0.5888749978623871,1.723297030715195,False,-0.014183662280365494
WM,Waste Management,Industrials,Environmental & Facilities Services,6,2023,11650459.606,20426.0,570.3740138059336,247,1.0,-0.08042024756076493,-0.013338832304255255,0.9825846256936963,False,0.06708141525650968
WMB,Williams Companies,Energy,Oil & Gas Storage & Transportation,6,2023,10090912.8062326,11996.0,841.1897971184228,181,0.9483967667160565,-0.1164482546082315,0.005279832689234265,0.9897509995063486,True,0.12172808729746576
WY,Weyerhaeuser,Real Estate,Timber REITs,6,2023,41144.524,7674.0,5.361548605681522,2,1.0,-0.026274006504215408,0.02383287942071788,0.9949412337530525,True,0.050106885924933287
