quelle,liefert,jahr_bis,zugang,grenze
EPA GHGRP,"Scope 1, Anlagen",2023,frei,Reihe endet 2023
EPA CAMPD,"Scope 1, Kraftwerke (CEMS)",2026,Schluessel,nur Stromerzeugung
PUDL/Zenodo,EPA-CEMS-Spiegel + EIA-Eigentum,2026,frei,"4,5 GB Stundenwerte"
SEC XBRL,Umsatz,2025,frei,"Nenner, keine Emissionen"
SEC Volltext,selbstberichtetes Scope 1/2/3,2026,frei,Extraktion noetig
SBTi,"Zielstatus, Zwischenziele",2026,frei,Selbstselektion
CARB SB 253,"Scope 1+2, verpflichtend",2025,frei,Frist erst 10.11.2026
CDP offen,nur Staedte und Regionen,2025,frei,keine Firmendaten
TPI,Transitionsbewertung,2026,frei,Auslesen per Bot untersagt
