ticker,anlagen,freisetzung_lbs,krebs_lbs,company,gics_sector
A,5,11134.150000000001,6276.5,Agilent Technologies,Health Care
ABBV,2,2557.5860000000002,99.13,AbbVie,Health Care
ABT,3,80800.0,0.0,Abbott Laboratories,Health Care
ADI,3,799.8299999999999,0.0,Analog Devices,Information Technology
ADM,33,9017486.859,91979.05,Archer Daniels Midland,Consumer Staples
AEE,4,1246482.1509999998,14671.481,Ameren,Utilities
AEP,9,2498580.59,126432.09,American Electric Power,Utilities
AES,3,565807.9770000001,272.495,AES Corporation,Utilities
ALB,7,297044.8,86522.0,Albemarle Corporation,Materials
AMCR,6,895.0,0.0,Amcor,Materials
AME,16,36304.529,26144.428,Ametek,Industrials
AMGN,1,427.364,427.364,Amgen,Health Care
AOS,6,59939.11,3558.4,A. O. Smith,Industrials
APA,3,0.006,0.006,APA Corporation,Energy
APD,14,642325.361,482812.0,Air Products,Materials
APH,8,82625.887,25812.227,Amphenol,Information Technology
APTV,3,10.349,0.0,Aptiv,Consumer Discretionary
AVGO,1,10809.4,0.0,Broadcom,Information Technology
AVY,7,243424.1,8458.3,Avery Dennison,Materials
BA,12,207398.827,46408.644,Boeing,Industrials
BALL,19,1272620.36,4996.26,Ball Corporation,Materials
BAX,6,374268.9,41596.9,Baxter International,Health Care
BDX,4,118411.6,106180.0,Becton Dickinson,Health Care
BG,3,1489456.696,0.0,Bunge Global,Consumer Staples
BIIB,1,255.0,0.0,Biogen,Health Care
BKR,13,269733.177,17767.963,Baker Hughes,Energy
BMY,2,469.0,0.0,Bristol Myers Squibb,Health Care
BRK-B,171,8943174.688,166645.283,Berkshire Hathaway,Financials
BSX,1,28.05,28.05,Boston Scientific,Health Care
CAG,10,73639.16,0.0,,
CARR,4,1.55,0.0,Carrier Global,Industrials
CAT,25,38265.489,24739.098,Caterpillar Inc.,Industrials
CE,10,883446.59,376312.77,,
CEG,5,52220.498,0.0,Constellation Energy,Utilities
CF,6,13981273.86,16152.0,CF Industries,Materials
CHD,4,45188.56,0.0,Church & Dwight,Consumer Staples
CL,3,1164.3600000000001,0.0,Colgate-Palmolive,Consumer Staples
CLX,5,523.434,0.0,Clorox,Consumer Staples
CMI,8,582.032,1.222,Cummins,Industrials
CMS,2,78421.421,0.521,CMS Energy,Utilities
CNP,2,216625.754,17871.984,CenterPoint Energy,Utilities
COST,1,0.0,0.0,Costco,Consumer Staples
CPB,3,124750.072,163.58,,
CTVA,6,177273.46,46520.479999999996,Corteva,Materials
CVX,27,9984126.022,432708.474,Chevron Corporation,Energy
D,15,907639.01,60360.31,Dominion Energy,Utilities
DAL,1,144485.7,4531.0,Delta Air Lines,Industrials
DD,21,2110857.404,1324060.96,DuPont,Industrials
DE,17,177522.96,12955.613000000001,Deere & Company,Industrials
DHR,15,159990.872,27954.356,Danaher Corporation,Health Care
DOV,19,2335.237,1265.507,Dover Corporation,Industrials
DOW,23,3849945.798,358734.408,Dow Inc.,Materials
DTE,3,4702207.552,163161.192,DTE Energy,Utilities
DUK,15,4016878.339,381375.52900000004,Duke Energy,Utilities
ECL,15,66619.005,1929.45,Ecolab,Materials
ED,1,1.14,1.14,Consolidated Edison,Utilities
EIX,1,151.0,0.0,Edison International,Utilities
EL,1,0.0,0.0,Estée Lauder Companies (The),Consumer Staples
EME,1,89.0,41.0,Emcor,Industrials
EMN,12,3119306.112,124053.302,,
EMR,14,31169.181,9667.576000000001,Emerson Electric,Industrials
EOG,8,88480.0,7400.0,EOG Resources,Energy
ETN,23,63296.3,21717.059999999998,Eaton Corporation,Industrials
ETR,3,259156.247,3550.247,Entergy,Utilities
EVRG,8,1478642.863,21881.263,Evergy,Utilities
EW,2,2401.0,2029.0,Edwards Lifesciences,Health Care
F,16,1334534.6,136675.6,Ford Motor Company,Consumer Discretionary
FAST,3,0.0,0.0,Fastenal,Industrials
FCX,11,22227704.3,828690.0,Freeport-McMoRan,Materials
FE,2,956516.9,206855.0,FirstEnergy,Utilities
FMC,4,29090.181,194.5,,
FSLR,2,138845.326,131961.53999999998,First Solar,Information Technology
FTV,1,3.0,3.0,Fortive,Industrials
GD,16,213768.459,40747.134999999995,General Dynamics,Industrials
GE,15,62898.418,42275.518,GE Aerospace,Industrials
GEHC,2,45249.1,128.1,GE HealthCare,Health Care
GEV,6,51047.47,31277.0,GE Vernova,Industrials
GIS,4,23125.0,0.0,General Mills,Consumer Staples
GLW,5,3335.7,456.0,Corning Inc.,Information Technology
GM,21,2372430.032,90575.85800000001,General Motors,Consumer Discretionary
GNRC,2,270.0,0.0,Generac,Industrials
GOOG,1,2867.0,0.0,Alphabet Inc. (Class C),Communication Services
HAL,34,484715.74,2364.34,Halliburton,Energy
HES,1,3179.1679999999997,1479.168,,
HII,1,23645.61,406.0,Huntington Ingalls Industries,Industrials
HON,28,1022068.245,272651.388,Honeywell Technologies,Industrials
HPQ,8,37588.723,0.0,HP Inc.,Information Technology
HRL,10,27703.0,0.0,Hormel Foods,Consumer Staples
HSY,1,0.0,0.0,Hershey Company (The),Consumer Staples
HUBB,21,352175.065,188787.35,Hubbell Incorporated,Industrials
HWM,21,440461.89400000003,8260.967,Howmet Aerospace,Industrials
IEX,6,18120.513,15519.800000000001,IDEX Corporation,Industrials
IFF,15,115904.363,2333.84,International Flavors & Fragrances,Materials
INTC,7,151108.666,0.0,Intel,Information Technology
IP,23,16051915.117,768925.201,International Paper,Materials
IR,8,96.541,1.419,Ingersoll Rand,Industrials
ITW,23,48292.084,12967.630000000001,Illinois Tool Works,Industrials
JBL,18,130151.395,20408.611,Jabil,Information Technology
JCI,8,1681.769,0.001,Johnson Controls,Industrials
JNJ,3,18185.0,0.0,Johnson & Johnson,Health Care
K,4,17676.0,15645.0,,
KDP,1,0.0,0.0,Keurig Dr Pepper,Consumer Staples
KEYS,2,16961.0,0.0,Keysight Technologies,Information Technology
KHC,7,2750.5,0.0,Kraft Heinz,Consumer Staples
KMB,2,1900.0,0.0,Kimberly-Clark,Consumer Staples
KMI,11,426619.3,5668.99,Kinder Morgan,Energy
KO,3,13148.0,0.0,Coca-Cola Company (The),Consumer Staples
KR,7,12583.2,0.0,Kroger,Consumer Staples
KVUE,1,38426.0,0.0,Kenvue,Consumer Staples
LHX,4,195636.082,11300.522,L3Harris,Industrials
LII,9,250826.922,0.0,Lennox International,Industrials
LIN,17,233931.03,58103.729999999996,Linde plc,Materials
LLY,2,39610.9,57.8,Lilly (Eli),Health Care
LMT,5,59960.406,1783.583,Lockheed Martin,Industrials
LNT,4,346850.696,118.496,Alliant Energy,Utilities
LRCX,2,12873.9,0.0,Lam Research,Information Technology
LYB,18,5278380.987,714729.059,LyondellBasell,Materials
MAS,11,68613.279,36440.99600000001,Masco,Industrials
MCHP,3,55233.0,0.0,Microchip Technology,Information Technology
MDLZ,2,64086.0,0.0,Mondelez International,Consumer Staples
MDT,3,13519.92,7173.92,Medtronic,Health Care
MKC,1,0.0,0.0,McCormick & Company,Consumer Staples
MLM,39,300096.701,7.26,Martin Marietta Materials,Materials
MMM,30,878371.029,79573.444,3M,Industrials
MO,6,258253.72,0.0,Altria,Consumer Staples
MOS,4,692678.2,0.0,Mosaic Company (The),Materials
MPC,103,4201277.378,308826.41,Marathon Petroleum,Energy
MRK,4,3993.4,23.8,Merck & Co.,Health Care
MTD,1,0.0,0.0,Mettler Toledo,Health Care
MU,2,38414.1,0.0,Micron Technology,Information Technology
NDSN,1,0.0,0.0,Nordson Corporation,Industrials
NEE,4,351499.11,1.099,NextEra Energy,Utilities
NEM,1,6514.0,0.0,Newmont,Materials
NI,2,680628.123,21938.123,NiSource,Utilities
NOC,8,37022.138,545.618,Northrop Grumman,Industrials
NRG,5,1132207.9,13911.0,NRG Energy,Utilities
NUE,66,8149511.862,119524.648,Nucor,Materials
OKE,12,2320065.353,34537.549,Oneok,Energy
OTIS,1,17.0,0.0,Otis Worldwide,Industrials
OXY,38,1802292.399,290464.444,Occidental Petroleum,Energy
PCAR,2,17.978,0.0,Paccar,Industrials
PCG,1,31432.3,31028.2,PG&E Corporation,Utilities
PEP,18,258179.5,0.0,PepsiCo,Consumer Staples
PFE,2,165425.3,111978.0,Pfizer,Health Care
PG,12,260856.802,70.388,Procter & Gamble,Consumer Staples
PH,41,218539.146,5137.275,Parker Hannifin,Industrials
PKG,9,3971963.747,90781.707,Packaging Corporation of America,Materials
PNR,7,3036.926,2586.0829999999996,Pentair,Industrials
PNW,2,299254.7,37899.2,Pinnacle West Capital,Utilities
POR,1,119421.0,26651.0,,
PPG,26,609047.103,44644.386,PPG Industries,Materials
PPL,4,2158531.697,160432.807,PPL Corporation,Utilities
PSX,67,2179358.639,248725.619,Phillips 66,Energy
PWR,1,2426.924,2120.213,Quanta Services,Industrials
ROK,2,0.01,0.01,Rockwell Automation,Industrials
ROP,1,8170.139999999999,6658.83,Roper Technologies,Information Technology
RSG,18,19229351.908,4315908.223999999,Republic Services,Industrials
RTX,26,98828.402,8062.442,RTX Corporation,Industrials
SEE,3,187088.653,0.653,,
SHW,43,425225.872,47963.682,Sherwin-Williams,Materials
SJM,1,0.0,0.0,J.M. Smucker Company (The),Consumer Staples
SLB,10,70479.408,24982.688,Schlumberger,Energy
SNA,5,58086.573,3332.323,Snap-on,Industrials
SO,11,1357371.337,27417.137,Southern Company,Utilities
SOLV,3,7252.0,2625.0,Solventum,Health Care
STE,9,5925.49,253.01,Steris,Health Care
STLD,15,565780.656,25237.599000000002,Steel Dynamics,Materials
STX,1,3228.88,0.0,Seagate Technology,Information Technology
STZ,1,0.0,0.0,Constellation Brands,Consumer Staples
SW,26,7844175.2069999995,216010.746,Smurfit Westrock,Materials
SWK,18,26165.535,558.505,Stanley Black & Decker,Industrials
SWKS,1,169847.64,0.0,Skyworks Solutions,Information Technology
SYK,1,19988.0,12764.0,Stryker Corporation,Health Care
TAP,6,79515.0,0.0,Molson Coors Beverage Company,Consumer Staples
TDG,4,22055.066,21878.386,TransDigm Group,Industrials
TDY,5,1087.606,242.606,Teledyne Technologies,Information Technology
TEL,8,1662.1,1226.1,TE Connectivity,Information Technology
TMO,11,374807.504,6895.5599999999995,Thermo Fisher Scientific,Health Care
TRGP,31,43299720.910000004,484837.76,Targa Resources,Energy
TSLA,5,1532274.521,158881.311,"Tesla, Inc.",Consumer Discretionary
TSN,78,10670854.32,4025.94,Tyson Foods,Consumer Staples
TT,13,873.9639999999999,651.422,Trane Technologies,Industrials
TXN,5,119992.58,0.0,Texas Instruments,Information Technology
TXT,11,71457.325,20700.27,Textron,Industrials
VLO,34,3319230.312,181200.731,Valero Energy,Energy
VLTO,4,2929.666,9.666,Veralto,Industrials
VMC,16,435.63,0.6000000000000001,Vulcan Materials Company,Materials
VRT,2,44.209,0.732,Vertiv,Industrials
VST,13,1807746.259,135213.134,Vistra Corp.,Utilities
VTRS,1,128424.235,13993.314999999999,Viatris,Health Care
WAB,17,422329.76,58966.5,Wabtec,Industrials
WAT,1,10.046,0.0,Waters Corporation,Health Care
WDC,1,69920.0,0.0,Western Digital,Information Technology
WEC,3,1207177.49,7.41,WEC Energy Group,Utilities
WHR,10,218043.173,28870.042999999998,,
WM,7,26578056.836999997,10155054.614,Waste Management,Industrials
WMB,20,225213.0,71521.3,Williams Companies,Energy
WMT,1,8247.1,0.0,Walmart,Consumer Staples
WY,17,637146.617,52146.849,Weyerhaeuser,Real Estate
XEL,8,1380521.936,17063.171,Xcel Energy,Utilities
XOM,30,4834381.552,258896.222,ExxonMobil,Energy
XYL,5,18841.945,7.52,Xylem Inc.,Industrials
ZBH,6,1722.83,331.579,Zimmer Biomet,Health Care
ZTS,1,5.391,0.0,Zoetis,Health Care
